question_id,lane,answer_type,round,K,evidence_mode,coverage_incomplete,tickers,parse_rate,gold_scoreable,tu,au,eu,tu_mm,au_mm,eu_mm,tu_norm,au_norm,eu_norm,eu_tu_ratio,predicted,p_noncommit,p_noncommit_fundamental,p_noncommit_trading,p_sys,agent_entropy_fundamental,agent_entropy_trading,k_eff_fundamental,k_eff_trading,gold_prob,correct,brier,nll,agent_gold_prob_fundamental,agent_gold_prob_trading,model
F1,F,yes_no_mixed,0,10,oracle_evidence,True,AAPL,1.0,True,-0.0,0.0,-0.0,0.0,0.0,0.0,-0.0,0.0,-0.0,0.0,mixed,1.0,1.0,1.0,"{""yes"": 0.0, ""no"": 0.0, ""mixed"": 1.0, ""insufficient_data"": 0.0}",-0.0,-0.0,10,10,1.0,True,0.0,0.2876820724517809,1.0,1.0,qwen3:8b
F1,F,yes_no_mixed,1,10,oracle_evidence,True,AAPL,1.0,True,-0.0,0.0,-0.0,0.0,0.0,0.0,-0.0,0.0,-0.0,0.0,mixed,1.0,1.0,1.0,"{""yes"": 0.0, ""no"": 0.0, ""mixed"": 1.0, ""insufficient_data"": 0.0}",-0.0,-0.0,10,10,1.0,True,0.0,0.2876820724517809,1.0,1.0,qwen3:8b
F10,F,open_summary_with_canonical_claim,0,10,oracle_evidence,True,AVGO,1.0,True,0.6730116670092563,0.5867070452737222,0.0863046217355341,0.6980116670092563,0.6367070452737222,0.06130462173553408,0.612601619289344,0.5340437671464697,0.0785578521428743,0.12823644219877559,mixed,0.6000000000000001,0.8,0.4,"{""claim_true"": 0.4, ""claim_false"": 0.0, ""mixed"": 0.6}",0.5004024235381879,0.6730116670092565,10,10,0.4,False,0.7200000000000001,0.9734491457141036,0.2,0.6,qwen3:8b
F10,F,open_summary_with_canonical_claim,1,10,oracle_evidence,True,AVGO,1.0,True,-0.0,0.0,-0.0,0.0,0.0,0.0,-0.0,0.0,-0.0,0.0,mixed,1.0,1.0,1.0,"{""claim_true"": 0.0, ""claim_false"": 0.0, ""mixed"": 1.0}",-0.0,-0.0,10,10,0.0,False,2.0,2.1972245773362196,0.0,0.0,qwen3:8b
F11,F,yes_no_mixed,0,10,oracle_evidence,True,TSLA,1.0,True,0.1985152433458726,0.1625414866957241,0.035973756650148486,0.22351524334587258,0.1875414866957241,0.035973756650148486,0.1431984785579781,0.11724889839732029,0.025949580160657796,0.18121407728610292,mixed,1.0,1.0,1.0,"{""yes"": 0.0, ""no"": 0.0, ""mixed"": 0.95, ""insufficient_data"": 0.05}",-0.0,0.3250829733914482,10,10,0.0,False,1.9049999999999998,2.4849066497880004,0.0,0.0,qwen3:8b
F11,F,yes_no_mixed,1,10,oracle_evidence,True,TSLA,1.0,True,-0.0,0.0,-0.0,0.0,0.0,0.0,-0.0,0.0,-0.0,0.0,mixed,1.0,1.0,1.0,"{""yes"": 0.0, ""no"": 0.0, ""mixed"": 1.0, ""insufficient_data"": 0.0}",-0.0,-0.0,10,10,0.0,False,2.0,2.4849066497880004,0.0,0.0,qwen3:8b
F12,F,company_choice,0,10,oracle_evidence,False,AAPL|MSFT|GOOGL,1.0,True,0.5004024235381879,0.46797363772317085,0.032428785815017014,0.5254024235381879,0.5179736377231708,0.007428785815017047,0.36096404744368116,0.33757162320499345,0.023392424238687703,0.06480541318270061,GOOGL,0.0,0.0,0.0,"{""AAPL"": 0.2, ""MSFT"": 0.0, ""GOOGL"": 0.8, ""insufficient_data"": 0.0}",0.6108643020548935,0.3250829733914482,10,10,0.8,True,0.07999999999999999,0.4834266495778762,0.7,0.9,qwen3:8b
F12,F,company_choice,1,10,oracle_evidence,False,AAPL|MSFT|GOOGL,1.0,True,-0.0,0.0,-0.0,0.0,0.0,0.0,-0.0,0.0,-0.0,0.0,GOOGL,0.0,0.0,0.0,"{""AAPL"": 0.0, ""MSFT"": 0.0, ""GOOGL"": 1.0, ""insufficient_data"": 0.0}",-0.0,-0.0,10,10,1.0,True,0.0,0.2876820724517809,1.0,1.0,qwen3:8b
F13,F,yes_no_mixed,0,10,oracle_evidence,True,NFLX,1.0,True,0.3250829733914482,0.25020121176909393,0.07488176162235427,0.3500829733914482,0.27520121176909396,0.07488176162235427,0.23449779679464058,0.18048202372184058,0.054015773072800005,0.23034661225454434,no,0.1,0.2,0.0,"{""yes"": 0.0, ""no"": 0.9, ""mixed"": 0.1, ""insufficient_data"": 0.0}",0.5004024235381879,-0.0,10,10,0.9,True,0.019999999999999997,0.380772495517793,0.8,1.0,qwen3:8b
F13,F,yes_no_mixed,1,10,oracle_evidence,True,NFLX,1.0,True,-0.0,0.0,-0.0,0.0,0.0,0.0,-0.0,0.0,-0.0,0.0,no,0.0,0.0,0.0,"{""yes"": 0.0, ""no"": 1.0, ""mixed"": 0.0, ""insufficient_data"": 0.0}",-0.0,-0.0,10,10,1.0,True,0.0,0.2876820724517809,1.0,1.0,qwen3:8b
F14,F,yes_no_mixed,0,10,oracle_evidence,True,,1.0,True,-0.0,0.0,-0.0,0.0,0.0,0.0,-0.0,0.0,-0.0,0.0,insufficient_data,1.0,1.0,1.0,"{""yes"": 0.0, ""no"": 0.0, ""mixed"": 0.0, ""insufficient_data"": 1.0}",-0.0,-0.0,10,10,0.0,False,2.0,2.4849066497880004,0.0,0.0,qwen3:8b
F14,F,yes_no_mixed,1,10,oracle_evidence,True,,1.0,True,-0.0,0.0,-0.0,0.0,0.0,0.0,-0.0,0.0,-0.0,0.0,insufficient_data,1.0,1.0,1.0,"{""yes"": 0.0, ""no"": 0.0, ""mixed"": 0.0, ""insufficient_data"": 1.0}",-0.0,-0.0,10,10,0.0,False,2.0,2.4849066497880004,0.0,0.0,qwen3:8b
F15,F,graded_judgment,0,10,oracle_evidence,False,QCOM,1.0,True,-0.0,0.0,-0.0,0.0,0.0,0.0,-0.0,0.0,-0.0,0.0,mixed,1.0,1.0,1.0,"{""sound"": 0.0, ""mixed"": 1.0, ""weak"": 0.0, ""insufficient_data"": 0.0}",-0.0,-0.0,10,10,0.0,False,2.0,2.4849066497880004,0.0,0.0,qwen3:8b
F15,F,graded_judgment,1,10,oracle_evidence,False,QCOM,1.0,True,-0.0,0.0,-0.0,0.0,0.0,0.0,-0.0,0.0,-0.0,0.0,mixed,1.0,1.0,1.0,"{""sound"": 0.0, ""mixed"": 1.0, ""weak"": 0.0, ""insufficient_data"": 0.0}",-0.0,-0.0,10,10,0.0,False,2.0,2.4849066497880004,0.0,0.0,qwen3:8b
F16,F,yes_no_mixed,0,10,oracle_evidence,False,AMZN,1.0,True,0.5004024235381879,0.33650583350462826,0.1638965900335596,0.5254024235381879,0.3615058335046283,0.1638965900335596,0.36096404744368116,0.2427376486136672,0.11822639883001398,0.3275295688512027,insufficient_data,0.8,0.6,1.0,"{""yes"": 0.0, ""no"": 0.2, ""mixed"": 0.0, ""insufficient_data"": 0.8}",0.6730116670092565,-0.0,10,10,0.2,False,1.2800000000000002,1.529395204760564,0.4,0.0,qwen3:8b
F16,F,yes_no_mixed,1,10,oracle_evidence,False,AMZN,1.0,True,-0.0,0.0,-0.0,0.0,0.0,0.0,-0.0,0.0,-0.0,0.0,insufficient_data,1.0,1.0,1.0,"{""yes"": 0.0, ""no"": 0.0, ""mixed"": 0.0, ""insufficient_data"": 1.0}",-0.0,-0.0,10,10,0.0,False,2.0,2.4849066497880004,0.0,0.0,qwen3:8b
F17,F,open_summary_with_canonical_claim,0,10,oracle_evidence,True,,1.0,True,0.3250829733914482,0.25020121176909393,0.07488176162235427,0.3500829733914482,0.27520121176909396,0.07488176162235427,0.29590327428938457,0.2277429575017976,0.06816031678758694,0.23034661225454434,mixed,0.9,0.8,1.0,"{""claim_true"": 0.1, ""claim_false"": 0.0, ""mixed"": 0.9}",0.5004024235381879,-0.0,10,10,0.1,False,1.62,1.7272209480904839,0.2,0.0,qwen3:8b
F17,F,open_summary_with_canonical_claim,1,10,oracle_evidence,True,,1.0,True,-0.0,0.0,-0.0,0.0,0.0,0.0,-0.0,0.0,-0.0,0.0,mixed,1.0,1.0,1.0,"{""claim_true"": 0.0, ""claim_false"": 0.0, ""mixed"": 1.0}",-0.0,-0.0,10,10,0.0,False,2.0,2.1972245773362196,0.0,0.0,qwen3:8b
F18,F,yes_no_mixed,0,10,oracle_evidence,True,META,1.0,True,0.1985152433458726,0.1625414866957241,0.035973756650148486,0.22351524334587258,0.1875414866957241,0.035973756650148486,0.1431984785579781,0.11724889839732029,0.025949580160657796,0.18121407728610292,insufficient_data,0.95,0.9,1.0,"{""yes"": 0.05, ""no"": 0.0, ""mixed"": 0.0, ""insufficient_data"": 0.95}",0.3250829733914482,-0.0,10,10,0.05,False,1.805,2.1484344131667874,0.1,0.0,qwen3:8b
F18,F,yes_no_mixed,1,10,oracle_evidence,True,META,1.0,True,-0.0,0.0,-0.0,0.0,0.0,0.0,-0.0,0.0,-0.0,0.0,insufficient_data,1.0,1.0,1.0,"{""yes"": 0.0, ""no"": 0.0, ""mixed"": 0.0, ""insufficient_data"": 1.0}",-0.0,-0.0,10,10,0.0,False,2.0,2.4849066497880004,0.0,0.0,qwen3:8b
F19,F,company_choice,0,10,oracle_evidence,False,AMD|INTC,1.0,True,-0.0,0.0,-0.0,0.0,0.0,0.0,-0.0,0.0,-0.0,0.0,AMD,0.0,0.0,0.0,"{""AMD"": 1.0, ""INTC"": 0.0, ""insufficient_data"": 0.0}",-0.0,-0.0,10,10,1.0,True,0.0,0.25131442828090605,1.0,1.0,qwen3:8b
F19,F,company_choice,1,10,oracle_evidence,False,AMD|INTC,1.0,True,-0.0,0.0,-0.0,0.0,0.0,0.0,-0.0,0.0,-0.0,0.0,AMD,0.0,0.0,0.0,"{""AMD"": 1.0, ""INTC"": 0.0, ""insufficient_data"": 0.0}",-0.0,-0.0,10,10,1.0,True,0.0,0.25131442828090605,1.0,1.0,qwen3:8b
F2,F,company_choice,0,10,oracle_evidence,False,MSFT|GOOGL,1.0,True,-0.0,0.0,-0.0,0.0,0.0,0.0,-0.0,0.0,-0.0,0.0,GOOGL,0.0,0.0,0.0,"{""MSFT"": 0.0, ""GOOGL"": 1.0, ""insufficient_data"": 0.0}",-0.0,-0.0,10,10,1.0,True,0.0,0.25131442828090605,1.0,1.0,qwen3:8b
F2,F,company_choice,1,10,oracle_evidence,False,MSFT|GOOGL,1.0,True,-0.0,0.0,-0.0,0.0,0.0,0.0,-0.0,0.0,-0.0,0.0,GOOGL,0.0,0.0,0.0,"{""MSFT"": 0.0, ""GOOGL"": 1.0, ""insufficient_data"": 0.0}",-0.0,-0.0,10,10,1.0,True,0.0,0.25131442828090605,1.0,1.0,qwen3:8b
F20,F,yes_no_mixed,0,10,oracle_evidence,True,META,1.0,True,0.6730116670092565,0.25020121176909393,0.4228104552401626,0.6980116670092565,0.27520121176909396,0.4228104552401626,0.4854752972273344,0.18048202372184058,0.3049932735054938,0.6282364421987758,no,0.4,0.0,0.8,"{""yes"": 0.0, ""no"": 0.6, ""mixed"": 0.0, ""insufficient_data"": 0.4}",-0.0,0.5004024235381879,10,10,0.6,True,0.32000000000000006,0.7270487322356266,1.0,0.2,qwen3:8b
F20,F,yes_no_mixed,1,10,oracle_evidence,True,META,1.0,True,0.6931471805599453,0.0,0.6931471805599453,0.7181471805599453,0.0,0.7181471805599453,0.5,0.0,0.5,1.0,no,0.5,1.0,0.0,"{""yes"": 0.0, ""no"": 0.5, ""mixed"": 0.0, ""insufficient_data"": 0.5}",-0.0,-0.0,10,10,0.5,True,0.5,0.8754687373538999,0.0,1.0,qwen3:8b
F21,F,company_choice,0,10,oracle_evidence,True,MSFT|AAPL,1.0,True,0.1985152433458726,0.1625414866957241,0.035973756650148486,0.22351524334587258,0.1875414866957241,0.035973756650148486,0.1431984785579781,0.11724889839732029,0.025949580160657796,0.18121407728610292,AAPL,0.0,0.0,0.0,"{""MSFT"": 0.05, ""AAPL"": 0.95, ""similar"": 0.0, ""insufficient_data"": 0.0}",0.3250829733914482,-0.0,10,10,0.05,False,1.805,2.1484344131667874,0.1,0.0,qwen3:8b
F21,F,company_choice,1,10,oracle_evidence,True,MSFT|AAPL,1.0,True,-0.0,0.0,-0.0,0.0,0.0,0.0,-0.0,0.0,-0.0,0.0,AAPL,0.0,0.0,0.0,"{""MSFT"": 0.0, ""AAPL"": 1.0, ""similar"": 0.0, ""insufficient_data"": 0.0}",-0.0,-0.0,10,10,0.0,False,2.0,2.4849066497880004,0.0,0.0,qwen3:8b
F22,F,open_summary_with_canonical_claim,0,10,oracle_evidence,True,TSLA,1.0,True,-0.0,0.0,-0.0,0.0,0.0,0.0,-0.0,0.0,-0.0,0.0,mixed,1.0,1.0,1.0,"{""claim_true"": 0.0, ""claim_false"": 0.0, ""mixed"": 1.0}",-0.0,-0.0,10,10,0.0,False,2.0,2.1972245773362196,0.0,0.0,qwen3:8b
F22,F,open_summary_with_canonical_claim,1,10,oracle_evidence,True,TSLA,1.0,True,-0.0,0.0,-0.0,0.0,0.0,0.0,-0.0,0.0,-0.0,0.0,mixed,1.0,1.0,1.0,"{""claim_true"": 0.0, ""claim_false"": 0.0, ""mixed"": 1.0}",-0.0,-0.0,10,10,0.0,False,2.0,2.1972245773362196,0.0,0.0,qwen3:8b
F23,F,valuation_judgment,0,10,oracle_evidence,True,,1.0,True,-0.0,0.0,-0.0,0.0,0.0,0.0,-0.0,0.0,-0.0,0.0,insufficient_data,1.0,1.0,1.0,"{""expensive"": 0.0, ""fair"": 0.0, ""cheap"": 0.0, ""insufficient_data"": 1.0}",-0.0,-0.0,10,10,0.0,False,2.0,2.4849066497880004,0.0,0.0,qwen3:8b
F23,F,valuation_judgment,1,10,oracle_evidence,True,,1.0,True,-0.0,0.0,-0.0,0.0,0.0,0.0,-0.0,0.0,-0.0,0.0,insufficient_data,1.0,1.0,1.0,"{""expensive"": 0.0, ""fair"": 0.0, ""cheap"": 0.0, ""insufficient_data"": 1.0}",-0.0,-0.0,10,10,0.0,False,2.0,2.4849066497880004,0.0,0.0,qwen3:8b
F24,F,category_choice,0,10,oracle_evidence,True,AMZN,1.0,True,-0.0,0.0,-0.0,0.0,0.0,0.0,-0.0,0.0,-0.0,0.0,growth,0.0,0.0,0.0,"{""growth"": 1.0, ""value"": 0.0, ""mixed"": 0.0, ""insufficient_data"": 0.0}",-0.0,-0.0,10,10,1.0,True,0.0,0.2876820724517809,1.0,1.0,qwen3:8b
F24,F,category_choice,1,10,oracle_evidence,True,AMZN,1.0,True,-0.0,0.0,-0.0,0.0,0.0,0.0,-0.0,0.0,-0.0,0.0,growth,0.0,0.0,0.0,"{""growth"": 1.0, ""value"": 0.0, ""mixed"": 0.0, ""insufficient_data"": 0.0}",-0.0,-0.0,10,10,1.0,True,0.0,0.2876820724517809,1.0,1.0,qwen3:8b
F25,F,company_choice,0,10,oracle_evidence,True,NFLX|DIS,1.0,True,0.5004024235381879,0.33650583350462826,0.1638965900335596,0.5254024235381879,0.3615058335046283,0.1638965900335596,0.4554859150035952,0.3063008096446721,0.1491851053589231,0.3275295688512027,NFLX,0.2,0.4,0.0,"{""NFLX"": 0.8, ""DIS"": 0.0, ""insufficient_data"": 0.2}",0.6730116670092565,-0.0,10,10,0.2,False,1.2800000000000002,1.4087672169719492,0.4,0.0,qwen3:8b
F25,F,company_choice,1,10,oracle_evidence,True,NFLX|DIS,1.0,True,-0.0,0.0,-0.0,0.0,0.0,0.0,-0.0,0.0,-0.0,0.0,insufficient_data,1.0,1.0,1.0,"{""NFLX"": 0.0, ""DIS"": 0.0, ""insufficient_data"": 1.0}",-0.0,-0.0,10,10,1.0,True,0.0,0.25131442828090605,1.0,1.0,qwen3:8b
F26,F,valuation_judgment,0,10,oracle_evidence,True,,1.0,True,-0.0,0.0,-0.0,0.0,0.0,0.0,-0.0,0.0,-0.0,0.0,insufficient_data,1.0,1.0,1.0,"{""undervalued"": 0.0, ""fairly_priced"": 0.0, ""overvalued"": 0.0, ""insufficient_data"": 1.0}",-0.0,-0.0,10,10,0.0,False,2.0,2.4849066497880004,0.0,0.0,qwen3:8b
F26,F,valuation_judgment,1,10,oracle_evidence,True,,1.0,True,-0.0,0.0,-0.0,0.0,0.0,0.0,-0.0,0.0,-0.0,0.0,insufficient_data,1.0,1.0,1.0,"{""undervalued"": 0.0, ""fairly_priced"": 0.0, ""overvalued"": 0.0, ""insufficient_data"": 1.0}",-0.0,-0.0,10,10,0.0,False,2.0,2.4849066497880004,0.0,0.0,qwen3:8b
F27,F,open_summary_with_canonical_claim,0,10,oracle_evidence,True,NVDA,1.0,True,0.5004024235381879,0.33650583350462826,0.1638965900335596,0.5254024235381879,0.3615058335046283,0.1638965900335596,0.4554859150035952,0.3063008096446721,0.1491851053589231,0.3275295688512027,claim_true,0.2,0.0,0.4,"{""claim_true"": 0.8, ""claim_false"": 0.0, ""mixed"": 0.2}",-0.0,0.6730116670092565,10,10,0.8,True,0.07999999999999999,0.43936665978384565,1.0,0.6,qwen3:8b
F27,F,open_summary_with_canonical_claim,1,10,oracle_evidence,True,NVDA,1.0,True,0.4227090878059908,0.41274269846481804,0.009966389341172777,0.44770908780599084,0.4627426984648181,0.0,0.3847663931726609,0.3756945946464899,0.009071798526171062,0.0235774191487149,mixed,0.8500000000000001,0.8,0.9,"{""claim_true"": 0.15, ""claim_false"": 0.0, ""mixed"": 0.85}",0.5004024235381879,0.3250829733914482,10,10,0.15000000000000002,False,1.445,1.5553706911638245,0.2,0.1,qwen3:8b
F28,F,valuation_judgment,0,10,oracle_evidence,True,,1.0,True,-0.0,0.0,-0.0,0.0,0.0,0.0,-0.0,0.0,-0.0,0.0,insufficient_data,1.0,1.0,1.0,"{""expensive"": 0.0, ""fair"": 0.0, ""cheap"": 0.0, ""insufficient_data"": 1.0}",-0.0,-0.0,10,10,0.0,False,2.0,2.4849066497880004,0.0,0.0,qwen3:8b
F28,F,valuation_judgment,1,10,oracle_evidence,True,,1.0,True,-0.0,0.0,-0.0,0.0,0.0,0.0,-0.0,0.0,-0.0,0.0,insufficient_data,1.0,1.0,1.0,"{""expensive"": 0.0, ""fair"": 0.0, ""cheap"": 0.0, ""insufficient_data"": 1.0}",-0.0,-0.0,10,10,0.0,False,2.0,2.4849066497880004,0.0,0.0,qwen3:8b
F29,F,company_choice,0,10,oracle_evidence,True,QCOM|INTC,1.0,True,-0.0,0.0,-0.0,0.0,0.0,0.0,-0.0,0.0,-0.0,0.0,INTC,0.0,0.0,0.0,"{""QCOM"": 0.0, ""INTC"": 1.0, ""insufficient_data"": 0.0}",-0.0,-0.0,10,10,0.0,False,2.0,2.1972245773362196,0.0,0.0,qwen3:8b
F29,F,company_choice,1,10,oracle_evidence,True,QCOM|INTC,1.0,True,-0.0,0.0,-0.0,0.0,0.0,0.0,-0.0,0.0,-0.0,0.0,INTC,0.0,0.0,0.0,"{""QCOM"": 0.0, ""INTC"": 1.0, ""insufficient_data"": 0.0}",-0.0,-0.0,10,10,0.0,False,2.0,2.1972245773362196,0.0,0.0,qwen3:8b
F3,F,graded_judgment,0,10,oracle_evidence,True,TSLA,1.0,True,0.3250829733914482,0.25020121176909393,0.07488176162235427,0.3500829733914482,0.27520121176909396,0.07488176162235427,0.23449779679464058,0.18048202372184058,0.054015773072800005,0.23034661225454434,insufficient_data,0.9,1.0,0.8,"{""higher"": 0.1, ""similar"": 0.0, ""lower"": 0.0, ""insufficient_data"": 0.9}",-0.0,0.5004024235381879,10,10,0.9,True,0.019999999999999997,0.38077249551779285,1.0,0.8,qwen3:8b
F3,F,graded_judgment,1,10,oracle_evidence,True,TSLA,1.0,True,-0.0,0.0,-0.0,0.0,0.0,0.0,-0.0,0.0,-0.0,0.0,insufficient_data,1.0,1.0,1.0,"{""higher"": 0.0, ""similar"": 0.0, ""lower"": 0.0, ""insufficient_data"": 1.0}",-0.0,-0.0,10,10,1.0,True,0.0,0.2876820724517809,1.0,1.0,qwen3:8b
F30,F,yes_no_mixed,0,10,oracle_evidence,True,META,1.0,True,-0.0,0.0,-0.0,0.0,0.0,0.0,-0.0,0.0,-0.0,0.0,mixed,1.0,1.0,1.0,"{""yes"": 0.0, ""no"": 0.0, ""mixed"": 1.0, ""insufficient_data"": 0.0}",-0.0,-0.0,10,10,1.0,True,0.0,0.2876820724517809,1.0,1.0,qwen3:8b
F30,F,yes_no_mixed,1,10,oracle_evidence,True,META,1.0,True,-0.0,0.0,-0.0,0.0,0.0,0.0,-0.0,0.0,-0.0,0.0,mixed,1.0,1.0,1.0,"{""yes"": 0.0, ""no"": 0.0, ""mixed"": 1.0, ""insufficient_data"": 0.0}",-0.0,-0.0,10,10,1.0,True,0.0,0.2876820724517809,1.0,1.0,qwen3:8b
F31,F,company_choice,0,10,oracle_evidence,False,AMZN|WMT|COST,1.0,True,-0.0,0.0,-0.0,0.0,0.0,0.0,-0.0,0.0,-0.0,0.0,COST,0.0,0.0,0.0,"{""AMZN"": 0.0, ""WMT"": 0.0, ""COST"": 1.0, ""insufficient_data"": 0.0}",-0.0,-0.0,10,10,1.0,True,0.0,0.2876820724517809,1.0,1.0,qwen3:8b
F31,F,company_choice,1,10,oracle_evidence,False,AMZN|WMT|COST,1.0,True,-0.0,0.0,-0.0,0.0,0.0,0.0,-0.0,0.0,-0.0,0.0,COST,0.0,0.0,0.0,"{""AMZN"": 0.0, ""WMT"": 0.0, ""COST"": 1.0, ""insufficient_data"": 0.0}",-0.0,-0.0,10,10,1.0,True,0.0,0.2876820724517809,1.0,1.0,qwen3:8b
F32,F,open_summary_with_canonical_claim,0,10,oracle_evidence,False,NVDA,1.0,True,-0.0,0.0,-0.0,0.0,0.0,0.0,-0.0,0.0,-0.0,0.0,mixed,1.0,1.0,1.0,"{""claim_true"": 0.0, ""claim_false"": 0.0, ""mixed"": 1.0}",-0.0,-0.0,10,10,0.0,False,2.0,2.1972245773362196,0.0,0.0,qwen3:8b
F32,F,open_summary_with_canonical_claim,1,10,oracle_evidence,False,NVDA,1.0,True,-0.0,0.0,-0.0,0.0,0.0,0.0,-0.0,0.0,-0.0,0.0,mixed,1.0,1.0,1.0,"{""claim_true"": 0.0, ""claim_false"": 0.0, ""mixed"": 1.0}",-0.0,-0.0,10,10,0.0,False,2.0,2.1972245773362196,0.0,0.0,qwen3:8b
F33,F,yes_no_mixed,0,10,oracle_evidence,True,TSLA,1.0,True,1.0486537893593546,0.49904732020035236,0.5496064691590022,1.0986537893593546,0.5490473202003524,0.5496064691590022,0.7564438107590803,0.3599865470109875,0.39645726374809276,0.5241066925384104,no,0.55,0.1,1.0,"{""yes"": 0.0, ""no"": 0.45, ""mixed"": 0.35, ""insufficient_data"": 0.2}",0.3250829733914482,0.6730116670092565,10,10,0.45,True,0.4650000000000001,0.958850346292951,0.9,0.0,qwen3:8b
F33,F,yes_no_mixed,1,10,oracle_evidence,True,TSLA,1.0,True,0.6931471805599453,0.0,0.6931471805599453,0.7181471805599453,0.0,0.7181471805599453,0.5,0.0,0.5,1.0,no,0.5,1.0,0.0,"{""yes"": 0.0, ""no"": 0.5, ""mixed"": 0.5, ""insufficient_data"": 0.0}",-0.0,-0.0,10,10,0.5,True,0.5,0.8754687373538999,0.0,1.0,qwen3:8b
F34,F,graded_judgment,0,10,oracle_evidence,False,GOOGL,1.0,True,0.6931471805599453,0.0,0.6931471805599453,0.7181471805599453,0.0,0.7181471805599453,0.5,0.0,0.5,1.0,more_efficient,0.0,0.0,0.0,"{""more_efficient"": 0.5, ""similar"": 0.5, ""less_efficient"": 0.0, ""insufficient_data"": 0.0}",-0.0,-0.0,10,10,0.5,True,0.5,0.8754687373538999,1.0,0.0,qwen3:8b
F34,F,graded_judgment,1,10,oracle_evidence,False,GOOGL,1.0,True,0.1985152433458726,0.1625414866957241,0.035973756650148486,0.22351524334587258,0.1875414866957241,0.035973756650148486,0.1431984785579781,0.11724889839732029,0.025949580160657796,0.18121407728610292,similar,0.05,0.1,0.0,"{""more_efficient"": 0.0, ""similar"": 0.95, ""less_efficient"": 0.0, ""insufficient_data"": 0.05}",0.3250829733914482,-0.0,10,10,0.0,False,1.9049999999999998,2.4849066497880004,0.0,0.0,qwen3:8b
F35,F,open_summary_with_canonical_claim,0,10,oracle_evidence,False,AAPL,1.0,True,0.42270908780599087,0.30543215102744675,0.11727693677854412,0.4477090878059909,0.3304321510274468,0.11727693677854412,0.384766393172661,0.2780163249381945,0.10675006823446649,0.2774412478029577,claim_true,0.15,0.0,0.3,"{""claim_true"": 0.85, ""claim_false"": 0.0, ""mixed"": 0.15}",-0.0,0.6108643020548935,10,10,0.85,True,0.045000000000000005,0.3889358061569538,1.0,0.7,qwen3:8b
F35,F,open_summary_with_canonical_claim,1,10,oracle_evidence,False,AAPL,1.0,True,0.6881388137135884,0.1625414866957241,0.5255973270178643,0.7131388137135884,0.1875414866957241,0.5255973270178643,0.626370941606566,0.14795163714469228,0.47841930446187375,0.7637954966984672,claim_true,0.45,0.0,0.9,"{""claim_true"": 0.55, ""claim_false"": 0.0, ""mixed"": 0.45}",-0.0,0.3250829733914482,10,10,0.55,True,0.40499999999999997,0.7386095546367027,1.0,0.1,qwen3:8b
F36,F,yes_no_mixed,0,10,oracle_evidence,False,AMD,1.0,True,0.6931471805599453,0.0,0.6931471805599453,0.7181471805599453,0.0,0.7181471805599453,0.5,0.0,0.5,1.0,no,0.5,0.0,1.0,"{""yes"": 0.0, ""no"": 0.5, ""mixed"": 0.0, ""insufficient_data"": 0.5}",-0.0,-0.0,10,10,0.5,True,0.5,0.8754687373538999,1.0,0.0,qwen3:8b
F36,F,yes_no_mixed,1,10,oracle_evidence,False,AMD,1.0,True,0.6931471805599453,0.0,0.6931471805599453,0.7181471805599453,0.0,0.7181471805599453,0.5,0.0,0.5,1.0,no,0.5,1.0,0.0,"{""yes"": 0.0, ""no"": 0.5, ""mixed"": 0.0, ""insufficient_data"": 0.5}",-0.0,-0.0,10,10,0.5,True,0.5,0.8754687373538999,0.0,1.0,qwen3:8b
F37,F,company_choice,0,10,oracle_evidence,False,NFLX|AAPL,1.0,True,-0.0,0.0,-0.0,0.0,0.0,0.0,-0.0,0.0,-0.0,0.0,AAPL,0.0,0.0,0.0,"{""NFLX"": 0.0, ""AAPL"": 1.0, ""insufficient_data"": 0.0}",-0.0,-0.0,10,10,1.0,True,0.0,0.25131442828090605,1.0,1.0,qwen3:8b
F37,F,company_choice,1,10,oracle_evidence,False,NFLX|AAPL,1.0,True,-0.0,0.0,-0.0,0.0,0.0,0.0,-0.0,0.0,-0.0,0.0,AAPL,0.0,0.0,0.0,"{""NFLX"": 0.0, ""AAPL"": 1.0, ""insufficient_data"": 0.0}",-0.0,-0.0,10,10,1.0,True,0.0,0.25131442828090605,1.0,1.0,qwen3:8b
F38,F,category_choice,0,10,oracle_evidence,True,,1.0,True,0.5623351446188083,0.34657359027997264,0.21576155433883565,0.5873351446188083,0.37157359027997267,0.21576155433883565,0.4056390622295664,0.25,0.15563906222956642,0.3836885465963443,insufficient_data,1.0,1.0,1.0,"{""productive"": 0.0, ""aging"": 0.0, ""mixed"": 0.25, ""insufficient_data"": 0.75}",0.6931471805599453,-0.0,10,10,0.0,False,1.625,2.4849066497880004,0.0,0.0,qwen3:8b
F38,F,category_choice,1,10,oracle_evidence,True,,1.0,True,-0.0,0.0,-0.0,0.0,0.0,0.0,-0.0,0.0,-0.0,0.0,insufficient_data,1.0,1.0,1.0,"{""productive"": 0.0, ""aging"": 0.0, ""mixed"": 0.0, ""insufficient_data"": 1.0}",-0.0,-0.0,10,10,0.0,False,2.0,2.4849066497880004,0.0,0.0,qwen3:8b
F39,F,graded_judgment,0,10,oracle_evidence,False,AVGO,1.0,True,0.5623351446188083,0.34657359027997264,0.21576155433883565,0.5873351446188083,0.37157359027997267,0.21576155433883565,0.4056390622295664,0.25,0.15563906222956642,0.3836885465963443,moderate,0.0,0.0,0.0,"{""efficient"": 0.25, ""moderate"": 0.75, ""inefficient"": 0.0, ""insufficient_data"": 0.0}",-0.0,0.6931471805599453,10,10,0.75,True,0.125,0.5389965007326869,1.0,0.5,qwen3:8b
F39,F,graded_judgment,1,10,oracle_evidence,False,AVGO,1.0,True,-0.0,0.0,-0.0,0.0,0.0,0.0,-0.0,0.0,-0.0,0.0,moderate,0.0,0.0,0.0,"{""efficient"": 0.0, ""moderate"": 1.0, ""inefficient"": 0.0, ""insufficient_data"": 0.0}",-0.0,-0.0,10,10,1.0,True,0.0,0.2876820724517809,1.0,1.0,qwen3:8b
F4,F,yes_no_mixed,0,10,oracle_evidence,True,NVDA,1.0,True,-0.0,0.0,-0.0,0.0,0.0,0.0,-0.0,0.0,-0.0,0.0,mixed,1.0,1.0,1.0,"{""yes"": 0.0, ""no"": 0.0, ""mixed"": 1.0, ""insufficient_data"": 0.0}",-0.0,-0.0,10,10,0.0,False,2.0,2.4849066497880004,0.0,0.0,qwen3:8b
F4,F,yes_no_mixed,1,10,oracle_evidence,True,NVDA,1.0,True,-0.0,0.0,-0.0,0.0,0.0,0.0,-0.0,0.0,-0.0,0.0,mixed,1.0,1.0,1.0,"{""yes"": 0.0, ""no"": 0.0, ""mixed"": 1.0, ""insufficient_data"": 0.0}",-0.0,-0.0,10,10,0.0,False,2.0,2.4849066497880004,0.0,0.0,qwen3:8b
F40,F,company_choice,0,10,oracle_evidence,False,NFLX|ROKU,1.0,True,-0.0,0.0,-0.0,0.0,0.0,0.0,-0.0,0.0,-0.0,0.0,NFLX,0.0,0.0,0.0,"{""NFLX"": 1.0, ""ROKU"": 0.0, ""insufficient_data"": 0.0}",-0.0,-0.0,10,10,0.0,False,2.0,2.1972245773362196,0.0,0.0,qwen3:8b
F40,F,company_choice,1,10,oracle_evidence,False,NFLX|ROKU,1.0,True,-0.0,0.0,-0.0,0.0,0.0,0.0,-0.0,0.0,-0.0,0.0,NFLX,0.0,0.0,0.0,"{""NFLX"": 1.0, ""ROKU"": 0.0, ""insufficient_data"": 0.0}",-0.0,-0.0,10,10,0.0,False,2.0,2.1972245773362196,0.0,0.0,qwen3:8b
F41,F,screening_top1,0,10,oracle_evidence,False,KHC|CCEP|CSCO|TXN,1.0,True,-0.0,0.0,-0.0,0.0,0.0,0.0,-0.0,0.0,-0.0,0.0,CCEP,0.0,0.0,0.0,"{""KHC"": 0.0, ""CCEP"": 1.0, ""CSCO"": 0.0, ""TXN"": 0.0, ""none_clear"": 0.0}",-0.0,-0.0,10,10,0.0,False,2.0,2.70805020110221,0.0,0.0,qwen3:8b
F41,F,screening_top1,1,10,oracle_evidence,False,KHC|CCEP|CSCO|TXN,1.0,True,0.5004024235381879,0.5004024235381879,0.0,0.5254024235381879,0.5504024235381879,0.0,0.31091750708257115,0.31091750708257115,0.0,0.0,CCEP,0.2,0.2,0.2,"{""KHC"": 0.0, ""CCEP"": 0.8, ""CSCO"": 0.0, ""TXN"": 0.0, ""none_clear"": 0.2}",0.5004024235381879,0.5004024235381879,10,10,0.0,False,1.6800000000000002,2.70805020110221,0.0,0.0,qwen3:8b
F42,F,yes_no_mixed,0,10,oracle_evidence,False,AAPL|MSFT,1.0,True,-0.0,0.0,-0.0,0.0,0.0,0.0,-0.0,0.0,-0.0,0.0,no,0.0,0.0,0.0,"{""yes"": 0.0, ""no"": 1.0, ""mixed"": 0.0, ""insufficient_data"": 0.0}",-0.0,-0.0,10,10,1.0,True,0.0,0.2876820724517809,1.0,1.0,qwen3:8b
F42,F,yes_no_mixed,1,10,oracle_evidence,False,AAPL|MSFT,1.0,True,0.6881388137135884,0.1625414866957241,0.5255973270178643,0.7131388137135884,0.1875414866957241,0.5255973270178643,0.49638722699390414,0.11724889839732029,0.3791383285965838,0.7637954966984672,no,0.45,0.9,0.0,"{""yes"": 0.0, ""no"": 0.55, ""mixed"": 0.0, ""insufficient_data"": 0.45}",0.3250829733914482,-0.0,10,10,0.55,True,0.40499999999999997,0.7985076962177716,0.1,1.0,qwen3:8b
F43,F,yes_no_mixed,0,10,oracle_evidence,True,AAPL,1.0,True,0.6128694524619496,0.46797363772317085,0.14489581473877872,0.6628694524619496,0.5179736377231708,0.14489581473877877,0.4420918598895945,0.33757162320499345,0.10452023668460102,0.23642198865797553,mixed,0.9500000000000001,0.9,1.0,"{""yes"": 0.0, ""no"": 0.05, ""mixed"": 0.8, ""insufficient_data"": 0.15}",0.3250829733914482,0.6108643020548935,10,10,0.0,False,1.665,2.4849066497880004,0.0,0.0,qwen3:8b
F43,F,yes_no_mixed,1,10,oracle_evidence,True,AAPL,1.0,True,-0.0,0.0,-0.0,0.0,0.0,0.0,-0.0,0.0,-0.0,0.0,mixed,1.0,1.0,1.0,"{""yes"": 0.0, ""no"": 0.0, ""mixed"": 1.0, ""insufficient_data"": 0.0}",-0.0,-0.0,10,10,0.0,False,2.0,2.4849066497880004,0.0,0.0,qwen3:8b
F44,F,open_summary_with_canonical_claim,0,10,oracle_evidence,False,AMZN|META,1.0,True,-0.0,0.0,-0.0,0.0,0.0,0.0,-0.0,0.0,-0.0,0.0,claim_true,0.0,0.0,0.0,"{""claim_true"": 1.0, ""claim_false"": 0.0, ""mixed"": 0.0}",-0.0,-0.0,10,10,1.0,True,0.0,0.25131442828090605,1.0,1.0,qwen3:8b
F44,F,open_summary_with_canonical_claim,1,10,oracle_evidence,False,AMZN|META,1.0,True,-0.0,0.0,-0.0,0.0,0.0,0.0,-0.0,0.0,-0.0,0.0,claim_true,0.0,0.0,0.0,"{""claim_true"": 1.0, ""claim_false"": 0.0, ""mixed"": 0.0}",-0.0,-0.0,10,10,1.0,True,0.0,0.25131442828090605,1.0,1.0,qwen3:8b
F45,F,category_choice,0,10,oracle_evidence,True,,1.0,True,0.6881388137135884,0.1625414866957241,0.5255973270178643,0.7131388137135884,0.1875414866957241,0.5255973270178643,0.49638722699390414,0.11724889839732029,0.3791383285965838,0.7637954966984672,similar,0.0,0.0,0.0,"{""high_dividends"": 0.0, ""high_buybacks"": 0.45, ""similar"": 0.55, ""insufficient_data"": 0.0}",-0.0,0.3250829733914482,10,10,0.45,False,0.6050000000000001,0.9588503462929511,0.0,0.9,qwen3:8b
F45,F,category_choice,1,10,oracle_evidence,True,,1.0,True,-0.0,0.0,-0.0,0.0,0.0,0.0,-0.0,0.0,-0.0,0.0,similar,0.0,0.0,0.0,"{""high_dividends"": 0.0, ""high_buybacks"": 0.0, ""similar"": 1.0, ""insufficient_data"": 0.0}",-0.0,-0.0,10,10,0.0,False,2.0,2.4849066497880004,0.0,0.0,qwen3:8b
F46,F,category_choice,0,10,oracle_evidence,True,,1.0,True,-0.0,0.0,-0.0,0.0,0.0,0.0,-0.0,0.0,-0.0,0.0,smart_allocation,0.0,0.0,0.0,"{""red_flag"": 0.0, ""smart_allocation"": 1.0, ""mixed"": 0.0, ""insufficient_data"": 0.0}",-0.0,-0.0,10,10,1.0,True,0.0,0.2876820724517809,1.0,1.0,qwen3:8b
F46,F,category_choice,1,10,oracle_evidence,True,,1.0,True,-0.0,0.0,-0.0,0.0,0.0,0.0,-0.0,0.0,-0.0,0.0,smart_allocation,0.0,0.0,0.0,"{""red_flag"": 0.0, ""smart_allocation"": 1.0, ""mixed"": 0.0, ""insufficient_data"": 0.0}",-0.0,-0.0,10,10,1.0,True,0.0,0.2876820724517809,1.0,1.0,qwen3:8b
F47,F,premise_check,0,10,oracle_evidence,True,INTC,1.0,True,-0.0,0.0,-0.0,0.0,0.0,0.0,-0.0,0.0,-0.0,0.0,insufficient_data,1.0,1.0,1.0,"{""premise_false"": 0.0, ""premise_true_explained"": 0.0, ""insufficient_data"": 1.0}",-0.0,-0.0,10,10,0.0,False,2.0,2.1972245773362196,0.0,0.0,qwen3:8b
F47,F,premise_check,1,10,oracle_evidence,True,INTC,1.0,True,-0.0,0.0,-0.0,0.0,0.0,0.0,-0.0,0.0,-0.0,0.0,insufficient_data,1.0,1.0,1.0,"{""premise_false"": 0.0, ""premise_true_explained"": 0.0, ""insufficient_data"": 1.0}",-0.0,-0.0,10,10,0.0,False,2.0,2.1972245773362196,0.0,0.0,qwen3:8b
F49,F,yes_no_mixed,0,10,oracle_evidence,True,,1.0,True,0.6874357505033554,0.47167419616451967,0.2157615543388357,0.7374357505033554,0.5216741961645197,0.2157615543388357,0.4958800740904868,0.3402410118609203,0.15563906222956644,0.31386431994677383,insufficient_data,0.95,0.9,1.0,"{""yes"": 0.0, ""no"": 0.05, ""mixed"": 0.2, ""insufficient_data"": 0.75}",0.9433483923290393,-0.0,10,10,0.05,False,1.505,2.1484344131667874,0.1,0.0,qwen3:8b
F49,F,yes_no_mixed,1,10,oracle_evidence,True,,1.0,True,-0.0,0.0,-0.0,0.0,0.0,0.0,-0.0,0.0,-0.0,0.0,insufficient_data,1.0,1.0,1.0,"{""yes"": 0.0, ""no"": 0.0, ""mixed"": 0.0, ""insufficient_data"": 1.0}",-0.0,-0.0,10,10,0.0,False,2.0,2.4849066497880004,0.0,0.0,qwen3:8b
F5,F,yes_no_mixed,0,10,oracle_evidence,True,AMZN,1.0,True,-0.0,0.0,-0.0,0.0,0.0,0.0,-0.0,0.0,-0.0,0.0,yes,0.0,0.0,0.0,"{""yes"": 1.0, ""no"": 0.0, ""mixed"": 0.0, ""insufficient_data"": 0.0}",-0.0,-0.0,10,10,1.0,True,0.0,0.2876820724517809,1.0,1.0,qwen3:8b
F5,F,yes_no_mixed,1,10,oracle_evidence,True,AMZN,1.0,True,-0.0,0.0,-0.0,0.0,0.0,0.0,-0.0,0.0,-0.0,0.0,yes,0.0,0.0,0.0,"{""yes"": 1.0, ""no"": 0.0, ""mixed"": 0.0, ""insufficient_data"": 0.0}",-0.0,-0.0,10,10,1.0,True,0.0,0.2876820724517809,1.0,1.0,qwen3:8b
F50,F,screening_top1,0,10,oracle_evidence,True,APP|LRCX|KLAC|NVDA|AAPL,1.0,True,-0.0,0.0,-0.0,0.0,0.0,0.0,-0.0,0.0,-0.0,0.0,NVDA,0.0,0.0,0.0,"{""APP"": 0.0, ""LRCX"": 0.0, ""KLAC"": 0.0, ""NVDA"": 1.0, ""AAPL"": 0.0, ""none_clear"": 0.0}",-0.0,-0.0,10,10,0.0,False,2.0,2.890371757896165,0.0,0.0,qwen3:8b
F50,F,screening_top1,1,10,oracle_evidence,True,APP|LRCX|KLAC|NVDA|AAPL,1.0,True,-0.0,0.0,-0.0,0.0,0.0,0.0,-0.0,0.0,-0.0,0.0,NVDA,0.0,0.0,0.0,"{""APP"": 0.0, ""LRCX"": 0.0, ""KLAC"": 0.0, ""NVDA"": 1.0, ""AAPL"": 0.0, ""none_clear"": 0.0}",-0.0,-0.0,10,10,0.0,False,2.0,2.890371757896165,0.0,0.0,qwen3:8b
F6,F,open_summary_with_canonical_claim,0,10,oracle_evidence,False,NVDA,1.0,True,-0.0,0.0,-0.0,0.0,0.0,0.0,-0.0,0.0,-0.0,0.0,mixed,1.0,1.0,1.0,"{""claim_true"": 0.0, ""claim_false"": 0.0, ""mixed"": 1.0}",-0.0,-0.0,10,10,1.0,True,0.0,0.25131442828090605,1.0,1.0,qwen3:8b
F6,F,open_summary_with_canonical_claim,1,10,oracle_evidence,False,NVDA,1.0,True,-0.0,0.0,-0.0,0.0,0.0,0.0,-0.0,0.0,-0.0,0.0,mixed,1.0,1.0,1.0,"{""claim_true"": 0.0, ""claim_false"": 0.0, ""mixed"": 1.0}",-0.0,-0.0,10,10,1.0,True,0.0,0.25131442828090605,1.0,1.0,qwen3:8b
F7,F,yes_no_mixed,0,10,oracle_evidence,True,INTC,1.0,True,0.6931471805599453,0.0,0.6931471805599453,0.7181471805599453,0.0,0.7181471805599453,0.5,0.0,0.5,1.0,no,0.5,0.0,1.0,"{""yes"": 0.0, ""no"": 0.5, ""mixed"": 0.5, ""insufficient_data"": 0.0}",-0.0,-0.0,10,10,0.5,False,0.5,0.8754687373538999,0.0,1.0,qwen3:8b
F7,F,yes_no_mixed,1,10,oracle_evidence,True,INTC,1.0,True,-0.0,0.0,-0.0,0.0,0.0,0.0,-0.0,0.0,-0.0,0.0,mixed,1.0,1.0,1.0,"{""yes"": 0.0, ""no"": 0.0, ""mixed"": 1.0, ""insufficient_data"": 0.0}",-0.0,-0.0,10,10,1.0,True,0.0,0.2876820724517809,1.0,1.0,qwen3:8b
F8,F,graded_judgment,0,10,oracle_evidence,True,NFLX,1.0,True,0.6730116670092565,0.25020121176909393,0.4228104552401626,0.6980116670092565,0.27520121176909396,0.4228104552401626,0.4854752972273344,0.18048202372184058,0.3049932735054938,0.6282364421987758,higher,0.4,0.0,0.8,"{""higher"": 0.6, ""similar"": 0.0, ""lower"": 0.0, ""insufficient_data"": 0.4}",-0.0,0.5004024235381879,10,10,0.6,True,0.32000000000000006,0.7270487322356266,1.0,0.2,qwen3:8b
F8,F,graded_judgment,1,10,oracle_evidence,True,NFLX,1.0,True,0.6931471805599453,0.0,0.6931471805599453,0.7181471805599453,0.0,0.7181471805599453,0.5,0.0,0.5,1.0,similar,0.5,1.0,0.0,"{""higher"": 0.0, ""similar"": 0.5, ""lower"": 0.0, ""insufficient_data"": 0.5}",-0.0,-0.0,10,10,0.0,False,1.5,2.4849066497880004,0.0,0.0,qwen3:8b
F9,F,yes_no_mixed,0,10,oracle_evidence,True,META,1.0,True,0.3250829733914482,0.25020121176909393,0.07488176162235427,0.3500829733914482,0.27520121176909396,0.07488176162235427,0.23449779679464058,0.18048202372184058,0.054015773072800005,0.23034661225454434,mixed,1.0,1.0,1.0,"{""yes"": 0.0, ""no"": 0.0, ""mixed"": 0.9, ""insufficient_data"": 0.1}",-0.0,0.5004024235381879,10,10,0.0,False,1.82,2.4849066497880004,0.0,0.0,qwen3:8b
F9,F,yes_no_mixed,1,10,oracle_evidence,True,META,1.0,True,-0.0,0.0,-0.0,0.0,0.0,0.0,-0.0,0.0,-0.0,0.0,mixed,1.0,1.0,1.0,"{""yes"": 0.0, ""no"": 0.0, ""mixed"": 1.0, ""insufficient_data"": 0.0}",-0.0,-0.0,10,10,0.0,False,2.0,2.4849066497880004,0.0,0.0,qwen3:8b
FT1,FT,supportive_judgment,0,10,oracle_evidence,True,AAPL,1.0,True,-0.0,0.0,-0.0,0.0,0.0,0.0,-0.0,0.0,-0.0,0.0,supportive,0.0,0.0,0.0,"{""supportive"": 1.0, ""unsupportive"": 0.0, ""conditional"": 0.0, ""insufficient_data"": 0.0}",-0.0,-0.0,10,10,0.0,False,2.0,2.4849066497880004,0.0,0.0,qwen3:8b
FT1,FT,supportive_judgment,1,10,oracle_evidence,True,AAPL,1.0,True,0.6931471805599453,0.3250829733914482,0.3680642071684971,0.7181471805599453,0.3750829733914482,0.3430642071684971,0.5,0.23449779679464058,0.2655022032053594,0.5310044064107188,supportive,0.5,0.1,0.9,"{""supportive"": 0.5, ""unsupportive"": 0.0, ""conditional"": 0.5, ""insufficient_data"": 0.0}",0.3250829733914482,0.3250829733914482,10,10,0.5,False,0.5,0.8754687373538999,0.1,0.9,qwen3:8b
FT10,FT,supportive_judgment,0,10,oracle_evidence,True,QCOM,1.0,True,0.1985152433458726,0.1625414866957241,0.035973756650148486,0.22351524334587258,0.1875414866957241,0.035973756650148486,0.1431984785579781,0.11724889839732029,0.025949580160657796,0.18121407728610292,conditional,0.95,1.0,0.9,"{""supportive"": 0.0, ""unsupportive"": 0.05, ""conditional"": 0.95, ""insufficient_data"": 0.0}",-0.0,0.3250829733914482,10,10,0.0,False,1.9049999999999998,2.4849066497880004,0.0,0.0,qwen3:8b
FT10,FT,supportive_judgment,1,10,oracle_evidence,True,QCOM,1.0,True,-0.0,0.0,-0.0,0.0,0.0,0.0,-0.0,0.0,-0.0,0.0,conditional,1.0,1.0,1.0,"{""supportive"": 0.0, ""unsupportive"": 0.0, ""conditional"": 1.0, ""insufficient_data"": 0.0}",-0.0,-0.0,10,10,0.0,False,2.0,2.4849066497880004,0.0,0.0,qwen3:8b
FT11,FT,supportive_judgment,0,10,oracle_evidence,False,COST,1.0,True,0.6931471805599453,0.0,0.6931471805599453,0.7181471805599453,0.0,0.7181471805599453,0.5,0.0,0.5,1.0,unsupportive,0.5,0.0,1.0,"{""supportive"": 0.0, ""unsupportive"": 0.5, ""conditional"": 0.5, ""insufficient_data"": 0.0}",-0.0,-0.0,10,10,0.5,True,0.5,0.8754687373538999,1.0,0.0,qwen3:8b
FT11,FT,supportive_judgment,1,10,oracle_evidence,False,COST,1.0,True,0.6931471805599453,0.0,0.6931471805599453,0.7181471805599453,0.0,0.7181471805599453,0.5,0.0,0.5,1.0,unsupportive,0.5,1.0,0.0,"{""supportive"": 0.0, ""unsupportive"": 0.5, ""conditional"": 0.5, ""insufficient_data"": 0.0}",-0.0,-0.0,10,10,0.5,True,0.5,0.8754687373538999,0.0,1.0,qwen3:8b
FT12,FT,yes_no_mixed,0,10,oracle_evidence,False,AMD,1.0,True,-0.0,0.0,-0.0,0.0,0.0,0.0,-0.0,0.0,-0.0,0.0,yes,0.0,0.0,0.0,"{""yes"": 1.0, ""no"": 0.0, ""mixed"": 0.0, ""insufficient_data"": 0.0}",-0.0,-0.0,10,10,1.0,True,0.0,0.2876820724517809,1.0,1.0,qwen3:8b
FT12,FT,yes_no_mixed,1,10,oracle_evidence,False,AMD,1.0,True,0.1985152433458726,0.1625414866957241,0.035973756650148486,0.22351524334587258,0.1875414866957241,0.035973756650148486,0.1431984785579781,0.11724889839732029,0.025949580160657796,0.18121407728610292,yes,0.05,0.0,0.1,"{""yes"": 0.95, ""no"": 0.0, ""mixed"": 0.05, ""insufficient_data"": 0.0}",-0.0,0.3250829733914482,10,10,0.95,True,0.0050000000000000044,0.33314444652853825,1.0,0.9,qwen3:8b
FT13,FT,supportive_judgment,0,10,oracle_evidence,True,,1.0,True,0.1985152433458726,0.1625414866957241,0.035973756650148486,0.22351524334587258,0.1875414866957241,0.035973756650148486,0.1431984785579781,0.11724889839732029,0.025949580160657796,0.18121407728610292,conditional,1.0,1.0,1.0,"{""supportive"": 0.0, ""unsupportive"": 0.0, ""conditional"": 0.95, ""insufficient_data"": 0.05}",-0.0,0.3250829733914482,10,10,0.0,False,1.9049999999999998,2.4849066497880004,0.0,0.0,qwen3:8b
FT13,FT,supportive_judgment,1,10,oracle_evidence,True,,1.0,True,0.5623351446188083,0.34657359027997264,0.21576155433883565,0.5873351446188083,0.37157359027997267,0.21576155433883565,0.4056390622295664,0.25,0.15563906222956642,0.3836885465963443,conditional,1.0,1.0,1.0,"{""supportive"": 0.0, ""unsupportive"": 0.0, ""conditional"": 0.75, ""insufficient_data"": 0.25}",0.6931471805599453,-0.0,10,10,0.0,False,1.625,2.4849066497880004,0.0,0.0,qwen3:8b
FT14,FT,category_choice,0,10,oracle_evidence,False,AVGO,1.0,True,0.42270908780599087,0.30543215102744675,0.11727693677854412,0.4477090878059909,0.3304321510274468,0.11727693677854412,0.30492015235820025,0.22032272480767318,0.08459742755052704,0.2774412478029577,take_profits,0.15,0.3,0.0,"{""sustainable"": 0.0, ""take_profits"": 0.85, ""mixed"": 0.15, ""insufficient_data"": 0.0}",0.6108643020548935,-0.0,10,10,0.85,True,0.045000000000000005,0.4307829160924542,0.7,1.0,qwen3:8b
FT14,FT,category_choice,1,10,oracle_evidence,False,AVGO,1.0,True,-0.0,0.0,-0.0,0.0,0.0,0.0,-0.0,0.0,-0.0,0.0,take_profits,0.0,0.0,0.0,"{""sustainable"": 0.0, ""take_profits"": 1.0, ""mixed"": 0.0, ""insufficient_data"": 0.0}",-0.0,-0.0,10,10,1.0,True,0.0,0.2876820724517809,1.0,1.0,qwen3:8b
FT15,FT,category_choice,0,10,oracle_evidence,True,,1.0,True,0.42270908780599087,0.30543215102744675,0.11727693677854412,0.4477090878059909,0.3304321510274468,0.11727693677854412,0.30492015235820025,0.22032272480767318,0.08459742755052704,0.2774412478029577,mixed,1.0,1.0,1.0,"{""value_trap"": 0.0, ""genuine_opportunity"": 0.0, ""mixed"": 0.85, ""insufficient_data"": 0.15}",-0.0,0.6108643020548935,10,10,0.0,False,1.7449999999999999,2.4849066497880004,0.0,0.0,qwen3:8b
FT15,FT,category_choice,1,10,oracle_evidence,True,,1.0,True,-0.0,0.0,-0.0,0.0,0.0,0.0,-0.0,0.0,-0.0,0.0,mixed,1.0,1.0,1.0,"{""value_trap"": 0.0, ""genuine_opportunity"": 0.0, ""mixed"": 1.0, ""insufficient_data"": 0.0}",-0.0,-0.0,10,10,0.0,False,2.0,2.4849066497880004,0.0,0.0,qwen3:8b
FT16,FT,supportive_judgment,0,10,oracle_evidence,True,,1.0,True,-0.0,0.0,-0.0,0.0,0.0,0.0,-0.0,0.0,-0.0,0.0,conditional,1.0,1.0,1.0,"{""supportive"": 0.0, ""unsupportive"": 0.0, ""conditional"": 1.0, ""insufficient_data"": 0.0}",-0.0,-0.0,10,10,0.0,False,2.0,2.4849066497880004,0.0,0.0,qwen3:8b
FT16,FT,supportive_judgment,1,10,oracle_evidence,True,,1.0,True,-0.0,0.0,-0.0,0.0,0.0,0.0,-0.0,0.0,-0.0,0.0,conditional,1.0,1.0,1.0,"{""supportive"": 0.0, ""unsupportive"": 0.0, ""conditional"": 1.0, ""insufficient_data"": 0.0}",-0.0,-0.0,10,10,0.0,False,2.0,2.4849066497880004,0.0,0.0,qwen3:8b
FT17,FT,yes_no_mixed,0,10,oracle_evidence,True,INTC,1.0,True,0.6881388137135884,0.1625414866957241,0.5255973270178643,0.7131388137135884,0.1875414866957241,0.5255973270178643,0.49638722699390414,0.11724889839732029,0.3791383285965838,0.7637954966984672,no,0.45,0.0,0.9,"{""yes"": 0.0, ""no"": 0.55, ""mixed"": 0.45, ""insufficient_data"": 0.0}",-0.0,0.3250829733914482,10,10,0.45,False,0.6050000000000001,0.9588503462929511,0.0,0.9,qwen3:8b
FT17,FT,yes_no_mixed,1,10,oracle_evidence,True,INTC,1.0,True,-0.0,0.0,-0.0,0.0,0.0,0.0,-0.0,0.0,-0.0,0.0,mixed,1.0,1.0,1.0,"{""yes"": 0.0, ""no"": 0.0, ""mixed"": 1.0, ""insufficient_data"": 0.0}",-0.0,-0.0,10,10,1.0,True,0.0,0.2876820724517809,1.0,1.0,qwen3:8b
FT18,FT,supportive_judgment,0,10,oracle_evidence,True,,1.0,True,-0.0,0.0,-0.0,0.0,0.0,0.0,-0.0,0.0,-0.0,0.0,conditional,1.0,1.0,1.0,"{""supportive"": 0.0, ""unsupportive"": 0.0, ""conditional"": 1.0, ""insufficient_data"": 0.0}",-0.0,-0.0,10,10,0.0,False,2.0,2.4849066497880004,0.0,0.0,qwen3:8b
FT18,FT,supportive_judgment,1,10,oracle_evidence,True,,1.0,True,-0.0,0.0,-0.0,0.0,0.0,0.0,-0.0,0.0,-0.0,0.0,conditional,1.0,1.0,1.0,"{""supportive"": 0.0, ""unsupportive"": 0.0, ""conditional"": 1.0, ""insufficient_data"": 0.0}",-0.0,-0.0,10,10,0.0,False,2.0,2.4849066497880004,0.0,0.0,qwen3:8b
FT19,FT,supportive_judgment,0,10,oracle_evidence,True,,1.0,True,0.1985152433458726,0.1625414866957241,0.035973756650148486,0.22351524334587258,0.1875414866957241,0.035973756650148486,0.1431984785579781,0.11724889839732029,0.025949580160657796,0.18121407728610292,conditional,1.0,1.0,1.0,"{""supportive"": 0.0, ""unsupportive"": 0.0, ""conditional"": 0.95, ""insufficient_data"": 0.05}",-0.0,0.3250829733914482,10,10,0.05,False,1.805,2.1484344131667874,0.0,0.1,qwen3:8b
FT19,FT,supportive_judgment,1,10,oracle_evidence,True,,1.0,True,-0.0,0.0,-0.0,0.0,0.0,0.0,-0.0,0.0,-0.0,0.0,conditional,1.0,1.0,1.0,"{""supportive"": 0.0, ""unsupportive"": 0.0, ""conditional"": 1.0, ""insufficient_data"": 0.0}",-0.0,-0.0,10,10,0.0,False,2.0,2.4849066497880004,0.0,0.0,qwen3:8b
FT2,FT,supportive_judgment,0,10,oracle_evidence,False,TSLA,1.0,True,-0.0,0.0,-0.0,0.0,0.0,0.0,-0.0,0.0,-0.0,0.0,conditional,1.0,1.0,1.0,"{""supportive"": 0.0, ""unsupportive"": 0.0, ""conditional"": 1.0, ""insufficient_data"": 0.0}",-0.0,-0.0,10,10,0.0,False,2.0,2.4849066497880004,0.0,0.0,qwen3:8b
FT2,FT,supportive_judgment,1,10,oracle_evidence,False,TSLA,1.0,True,-0.0,0.0,-0.0,0.0,0.0,0.0,-0.0,0.0,-0.0,0.0,conditional,1.0,1.0,1.0,"{""supportive"": 0.0, ""unsupportive"": 0.0, ""conditional"": 1.0, ""insufficient_data"": 0.0}",-0.0,-0.0,10,10,0.0,False,2.0,2.4849066497880004,0.0,0.0,qwen3:8b
FT20,FT,yes_no_mixed,0,10,oracle_evidence,False,AAPL,1.0,True,0.6730116670092565,0.25020121176909393,0.4228104552401626,0.6980116670092565,0.27520121176909396,0.4228104552401626,0.4854752972273344,0.18048202372184058,0.3049932735054938,0.6282364421987758,no,0.4,0.0,0.8,"{""yes"": 0.0, ""no"": 0.6, ""mixed"": 0.4, ""insufficient_data"": 0.0}",-0.0,0.5004024235381879,10,10,0.6,True,0.32000000000000006,0.7270487322356266,1.0,0.2,qwen3:8b
FT20,FT,yes_no_mixed,1,10,oracle_evidence,False,AAPL,1.0,True,0.6931471805599453,0.0,0.6931471805599453,0.7181471805599453,0.0,0.7181471805599453,0.5,0.0,0.5,1.0,no,0.5,1.0,0.0,"{""yes"": 0.0, ""no"": 0.5, ""mixed"": 0.5, ""insufficient_data"": 0.0}",-0.0,-0.0,10,10,0.5,True,0.5,0.8754687373538999,0.0,1.0,qwen3:8b
FT21,FT,category_choice,0,10,oracle_evidence,True,,1.0,True,-0.0,0.0,-0.0,0.0,0.0,0.0,-0.0,0.0,-0.0,0.0,insufficient_data,1.0,1.0,1.0,"{""buy_now"": 0.0, ""wait"": 0.0, ""insufficient_data"": 1.0}",-0.0,-0.0,10,10,0.0,False,2.0,2.1972245773362196,0.0,0.0,qwen3:8b
FT21,FT,category_choice,1,10,oracle_evidence,True,,1.0,True,-0.0,0.0,-0.0,0.0,0.0,0.0,-0.0,0.0,-0.0,0.0,insufficient_data,1.0,1.0,1.0,"{""buy_now"": 0.0, ""wait"": 0.0, ""insufficient_data"": 1.0}",-0.0,-0.0,10,10,0.0,False,2.0,2.1972245773362196,0.0,0.0,qwen3:8b
FT22,FT,yes_no_mixed,0,10,oracle_evidence,False,MU,1.0,True,-0.0,0.0,-0.0,0.0,0.0,0.0,-0.0,0.0,-0.0,0.0,yes,0.0,0.0,0.0,"{""yes"": 1.0, ""no"": 0.0, ""mixed"": 0.0, ""insufficient_data"": 0.0}",-0.0,-0.0,10,10,0.0,False,2.0,2.4849066497880004,0.0,0.0,qwen3:8b
FT22,FT,yes_no_mixed,1,10,oracle_evidence,False,MU,1.0,True,0.6931471805599453,0.0,0.6931471805599453,0.7181471805599453,0.0,0.7181471805599453,0.5,0.0,0.5,1.0,yes,0.5,1.0,0.0,"{""yes"": 0.5, ""no"": 0.0, ""mixed"": 0.5, ""insufficient_data"": 0.0}",-0.0,-0.0,10,10,0.5,False,0.5,0.8754687373538999,1.0,0.0,qwen3:8b
FT23,FT,category_choice,0,10,oracle_evidence,True,,1.0,True,0.6108643020548935,0.33650583350462826,0.27435846855026524,0.6358643020548935,0.3615058335046283,0.27435846855026524,0.44064544961534635,0.2427376486136672,0.19790780100167915,0.4491316117627886,insufficient_data,0.7,0.4,1.0,"{""sell"": 0.0, ""hold"": 0.3, ""conditional"": 0.0, ""insufficient_data"": 0.7}",0.6730116670092565,-0.0,10,10,0.0,False,1.58,2.4849066497880004,0.0,0.0,qwen3:8b
FT23,FT,category_choice,1,10,oracle_evidence,True,,1.0,True,0.6931471805599453,0.0,0.6931471805599453,0.7181471805599453,0.0,0.7181471805599453,0.5,0.0,0.5,1.0,hold,0.5,1.0,0.0,"{""sell"": 0.0, ""hold"": 0.5, ""conditional"": 0.0, ""insufficient_data"": 0.5}",-0.0,-0.0,10,10,0.0,False,1.5,2.4849066497880004,0.0,0.0,qwen3:8b
FT24,FT,yes_no_mixed,0,10,oracle_evidence,True,,1.0,True,-0.0,0.0,-0.0,0.0,0.0,0.0,-0.0,0.0,-0.0,0.0,mixed,1.0,1.0,1.0,"{""yes"": 0.0, ""no"": 0.0, ""mixed"": 1.0, ""insufficient_data"": 0.0}",-0.0,-0.0,10,10,0.0,False,2.0,2.4849066497880004,0.0,0.0,qwen3:8b
FT24,FT,yes_no_mixed,1,10,oracle_evidence,True,,1.0,True,-0.0,0.0,-0.0,0.0,0.0,0.0,-0.0,0.0,-0.0,0.0,mixed,1.0,1.0,1.0,"{""yes"": 0.0, ""no"": 0.0, ""mixed"": 1.0, ""insufficient_data"": 0.0}",-0.0,-0.0,10,10,0.0,False,2.0,2.4849066497880004,0.0,0.0,qwen3:8b
FT25,FT,supportive_judgment,0,10,oracle_evidence,False,NFLX,1.0,True,0.4227090878059908,0.41274269846481804,0.009966389341172777,0.44770908780599084,0.4627426984648181,0.0,0.3049201523582002,0.2977309221191609,0.007189230239039294,0.0235774191487149,conditional,0.8500000000000001,0.9,0.8,"{""supportive"": 0.0, ""unsupportive"": 0.15, ""conditional"": 0.85, ""insufficient_data"": 0.0}",0.3250829733914482,0.5004024235381879,10,10,0.8500000000000001,True,0.044999999999999984,0.4307829160924542,0.9,0.8,qwen3:8b
FT25,FT,supportive_judgment,1,10,oracle_evidence,False,NFLX,1.0,True,-0.0,0.0,-0.0,0.0,0.0,0.0,-0.0,0.0,-0.0,0.0,conditional,1.0,1.0,1.0,"{""supportive"": 0.0, ""unsupportive"": 0.0, ""conditional"": 1.0, ""insufficient_data"": 0.0}",-0.0,-0.0,10,10,1.0,True,0.0,0.2876820724517809,1.0,1.0,qwen3:8b
FT26,FT,yes_no_mixed,0,10,oracle_evidence,True,NVDA,1.0,True,-0.0,0.0,-0.0,0.0,0.0,0.0,-0.0,0.0,-0.0,0.0,mixed,1.0,1.0,1.0,"{""yes"": 0.0, ""no"": 0.0, ""mixed"": 1.0, ""insufficient_data"": 0.0}",-0.0,-0.0,10,10,0.0,False,2.0,2.4849066497880004,0.0,0.0,qwen3:8b
FT26,FT,yes_no_mixed,1,10,oracle_evidence,True,NVDA,1.0,True,-0.0,0.0,-0.0,0.0,0.0,0.0,-0.0,0.0,-0.0,0.0,mixed,1.0,1.0,1.0,"{""yes"": 0.0, ""no"": 0.0, ""mixed"": 1.0, ""insufficient_data"": 0.0}",-0.0,-0.0,10,10,0.0,False,2.0,2.4849066497880004,0.0,0.0,qwen3:8b
FT27,FT,category_choice,0,10,oracle_evidence,False,NVDA,1.0,True,-0.0,0.0,-0.0,0.0,0.0,0.0,-0.0,0.0,-0.0,0.0,diverged,0.0,0.0,0.0,"{""aligned"": 0.0, ""diverged"": 1.0, ""mixed"": 0.0, ""insufficient_data"": 0.0}",-0.0,-0.0,10,10,0.0,False,2.0,2.4849066497880004,0.0,0.0,qwen3:8b
FT27,FT,category_choice,1,10,oracle_evidence,False,NVDA,1.0,True,-0.0,0.0,-0.0,0.0,0.0,0.0,-0.0,0.0,-0.0,0.0,diverged,0.0,0.0,0.0,"{""aligned"": 0.0, ""diverged"": 1.0, ""mixed"": 0.0, ""insufficient_data"": 0.0}",-0.0,-0.0,10,10,0.0,False,2.0,2.4849066497880004,0.0,0.0,qwen3:8b
FT28,FT,yes_no_mixed,0,10,oracle_evidence,True,TSLA,1.0,True,-0.0,0.0,-0.0,0.0,0.0,0.0,-0.0,0.0,-0.0,0.0,mixed,1.0,1.0,1.0,"{""yes"": 0.0, ""no"": 0.0, ""mixed"": 1.0, ""insufficient_data"": 0.0}",-0.0,-0.0,10,10,0.0,False,2.0,2.4849066497880004,0.0,0.0,qwen3:8b
FT28,FT,yes_no_mixed,1,10,oracle_evidence,True,TSLA,1.0,True,-0.0,0.0,-0.0,0.0,0.0,0.0,-0.0,0.0,-0.0,0.0,mixed,1.0,1.0,1.0,"{""yes"": 0.0, ""no"": 0.0, ""mixed"": 1.0, ""insufficient_data"": 0.0}",-0.0,-0.0,10,10,0.0,False,2.0,2.4849066497880004,0.0,0.0,qwen3:8b
FT29,FT,yes_no_mixed,0,10,oracle_evidence,False,TSLA,1.0,True,-0.0,0.0,-0.0,0.0,0.0,0.0,-0.0,0.0,-0.0,0.0,no,0.0,0.0,0.0,"{""yes"": 0.0, ""no"": 1.0, ""mixed"": 0.0, ""insufficient_data"": 0.0}",-0.0,-0.0,10,10,0.0,False,2.0,2.4849066497880004,0.0,0.0,qwen3:8b
FT29,FT,yes_no_mixed,1,10,oracle_evidence,False,TSLA,1.0,True,-0.0,0.0,-0.0,0.0,0.0,0.0,-0.0,0.0,-0.0,0.0,no,0.0,0.0,0.0,"{""yes"": 0.0, ""no"": 1.0, ""mixed"": 0.0, ""insufficient_data"": 0.0}",-0.0,-0.0,10,10,0.0,False,2.0,2.4849066497880004,0.0,0.0,qwen3:8b
FT3,FT,yes_no_mixed,0,10,oracle_evidence,True,MSFT,1.0,True,-0.0,0.0,-0.0,0.0,0.0,0.0,-0.0,0.0,-0.0,0.0,no,0.0,0.0,0.0,"{""yes"": 0.0, ""no"": 1.0, ""mixed"": 0.0, ""insufficient_data"": 0.0}",-0.0,-0.0,10,10,1.0,True,0.0,0.2876820724517809,1.0,1.0,qwen3:8b
FT3,FT,yes_no_mixed,1,10,oracle_evidence,True,MSFT,1.0,True,-0.0,0.0,-0.0,0.0,0.0,0.0,-0.0,0.0,-0.0,0.0,no,0.0,0.0,0.0,"{""yes"": 0.0, ""no"": 1.0, ""mixed"": 0.0, ""insufficient_data"": 0.0}",-0.0,-0.0,10,10,1.0,True,0.0,0.2876820724517809,1.0,1.0,qwen3:8b
FT30,FT,yes_no_mixed,0,10,oracle_evidence,True,META,1.0,True,-0.0,0.0,-0.0,0.0,0.0,0.0,-0.0,0.0,-0.0,0.0,mixed,1.0,1.0,1.0,"{""yes"": 0.0, ""no"": 0.0, ""mixed"": 1.0, ""insufficient_data"": 0.0}",-0.0,-0.0,10,10,1.0,True,0.0,0.2876820724517809,1.0,1.0,qwen3:8b
FT30,FT,yes_no_mixed,1,10,oracle_evidence,True,META,1.0,True,-0.0,0.0,-0.0,0.0,0.0,0.0,-0.0,0.0,-0.0,0.0,mixed,1.0,1.0,1.0,"{""yes"": 0.0, ""no"": 0.0, ""mixed"": 1.0, ""insufficient_data"": 0.0}",-0.0,-0.0,10,10,1.0,True,0.0,0.2876820724517809,1.0,1.0,qwen3:8b
FT31,FT,supportive_judgment,0,10,oracle_evidence,False,META,1.0,True,-0.0,0.0,-0.0,0.0,0.0,0.0,-0.0,0.0,-0.0,0.0,conditional,1.0,1.0,1.0,"{""supportive"": 0.0, ""unsupportive"": 0.0, ""conditional"": 1.0, ""insufficient_data"": 0.0}",-0.0,-0.0,10,10,1.0,True,0.0,0.2876820724517809,1.0,1.0,qwen3:8b
FT31,FT,supportive_judgment,1,10,oracle_evidence,False,META,1.0,True,-0.0,0.0,-0.0,0.0,0.0,0.0,-0.0,0.0,-0.0,0.0,conditional,1.0,1.0,1.0,"{""supportive"": 0.0, ""unsupportive"": 0.0, ""conditional"": 1.0, ""insufficient_data"": 0.0}",-0.0,-0.0,10,10,1.0,True,0.0,0.2876820724517809,1.0,1.0,qwen3:8b
FT32,FT,category_choice,0,10,oracle_evidence,False,AAPL,1.0,True,-0.0,0.0,-0.0,0.0,0.0,0.0,-0.0,0.0,-0.0,0.0,attractive_stability,0.0,0.0,0.0,"{""attractive_stability"": 1.0, ""underperformance_ahead"": 0.0, ""mixed"": 0.0, ""insufficient_data"": 0.0}",-0.0,-0.0,10,10,0.0,False,2.0,2.4849066497880004,0.0,0.0,qwen3:8b
FT32,FT,category_choice,1,10,oracle_evidence,False,AAPL,1.0,True,-0.0,0.0,-0.0,0.0,0.0,0.0,-0.0,0.0,-0.0,0.0,attractive_stability,0.0,0.0,0.0,"{""attractive_stability"": 1.0, ""underperformance_ahead"": 0.0, ""mixed"": 0.0, ""insufficient_data"": 0.0}",-0.0,-0.0,10,10,0.0,False,2.0,2.4849066497880004,0.0,0.0,qwen3:8b
FT33,FT,category_choice,0,10,oracle_evidence,True,AAPL,1.0,True,-0.0,0.0,-0.0,0.0,0.0,0.0,-0.0,0.0,-0.0,0.0,mixed,1.0,1.0,1.0,"{""buying_opportunity"": 0.0, ""structural_challenges"": 0.0, ""mixed"": 1.0, ""insufficient_data"": 0.0}",-0.0,-0.0,10,10,0.0,False,2.0,2.4849066497880004,0.0,0.0,qwen3:8b
FT33,FT,category_choice,1,10,oracle_evidence,True,AAPL,1.0,True,-0.0,0.0,-0.0,0.0,0.0,0.0,-0.0,0.0,-0.0,0.0,mixed,1.0,1.0,1.0,"{""buying_opportunity"": 0.0, ""structural_challenges"": 0.0, ""mixed"": 1.0, ""insufficient_data"": 0.0}",-0.0,-0.0,10,10,0.0,False,2.0,2.4849066497880004,0.0,0.0,qwen3:8b
FT34,FT,open_summary_with_canonical_claim,0,10,oracle_evidence,True,MSFT,1.0,True,-0.0,0.0,-0.0,0.0,0.0,0.0,-0.0,0.0,-0.0,0.0,mixed,1.0,1.0,1.0,"{""claim_true"": 0.0, ""claim_false"": 0.0, ""mixed"": 1.0}",-0.0,-0.0,10,10,0.0,False,2.0,2.1972245773362196,0.0,0.0,qwen3:8b
FT34,FT,open_summary_with_canonical_claim,1,10,oracle_evidence,True,MSFT,1.0,True,-0.0,0.0,-0.0,0.0,0.0,0.0,-0.0,0.0,-0.0,0.0,mixed,1.0,1.0,1.0,"{""claim_true"": 0.0, ""claim_false"": 0.0, ""mixed"": 1.0}",-0.0,-0.0,10,10,0.0,False,2.0,2.1972245773362196,0.0,0.0,qwen3:8b
FT35,FT,yes_no_mixed,0,10,oracle_evidence,True,MSFT,1.0,True,-0.0,0.0,-0.0,0.0,0.0,0.0,-0.0,0.0,-0.0,0.0,mixed,1.0,1.0,1.0,"{""yes"": 0.0, ""no"": 0.0, ""mixed"": 1.0, ""insufficient_data"": 0.0}",-0.0,-0.0,10,10,0.0,False,2.0,2.4849066497880004,0.0,0.0,qwen3:8b
FT35,FT,yes_no_mixed,1,10,oracle_evidence,True,MSFT,1.0,True,-0.0,0.0,-0.0,0.0,0.0,0.0,-0.0,0.0,-0.0,0.0,mixed,1.0,1.0,1.0,"{""yes"": 0.0, ""no"": 0.0, ""mixed"": 1.0, ""insufficient_data"": 0.0}",-0.0,-0.0,10,10,0.0,False,2.0,2.4849066497880004,0.0,0.0,qwen3:8b
FT36,FT,yes_no_mixed,0,10,oracle_evidence,False,AMZN,1.0,True,-0.0,0.0,-0.0,0.0,0.0,0.0,-0.0,0.0,-0.0,0.0,mixed,1.0,1.0,1.0,"{""yes"": 0.0, ""no"": 0.0, ""mixed"": 1.0, ""insufficient_data"": 0.0}",-0.0,-0.0,10,10,0.0,False,2.0,2.4849066497880004,0.0,0.0,qwen3:8b
FT36,FT,yes_no_mixed,1,10,oracle_evidence,False,AMZN,1.0,True,-0.0,0.0,-0.0,0.0,0.0,0.0,-0.0,0.0,-0.0,0.0,mixed,1.0,1.0,1.0,"{""yes"": 0.0, ""no"": 0.0, ""mixed"": 1.0, ""insufficient_data"": 0.0}",-0.0,-0.0,10,10,0.0,False,2.0,2.4849066497880004,0.0,0.0,qwen3:8b
FT37,FT,category_choice,0,10,oracle_evidence,True,AMZN,1.0,True,0.1985152433458726,0.1625414866957241,0.035973756650148486,0.22351524334587258,0.1875414866957241,0.035973756650148486,0.1431984785579781,0.11724889839732029,0.025949580160657796,0.18121407728610292,insufficient_data,1.0,1.0,1.0,"{""drag"": 0.0, ""strategic_moats"": 0.0, ""mixed"": 0.05, ""insufficient_data"": 0.95}",0.3250829733914482,-0.0,10,10,0.0,False,1.9049999999999998,2.4849066497880004,0.0,0.0,qwen3:8b
FT37,FT,category_choice,1,10,oracle_evidence,True,AMZN,1.0,True,-0.0,0.0,-0.0,0.0,0.0,0.0,-0.0,0.0,-0.0,0.0,insufficient_data,1.0,1.0,1.0,"{""drag"": 0.0, ""strategic_moats"": 0.0, ""mixed"": 0.0, ""insufficient_data"": 1.0}",-0.0,-0.0,10,10,0.0,False,2.0,2.4849066497880004,0.0,0.0,qwen3:8b
FT38,FT,yes_no_mixed,0,10,oracle_evidence,False,GOOGL,1.0,True,0.6474466390346325,0.5967748020490666,0.05067183698556588,0.6724466390346325,0.6467748020490667,0.025671836985565855,0.46703402768774555,0.43048202372184063,0.036552003965904925,0.07826411310300337,insufficient_data,0.65,0.8,0.5,"{""yes"": 0.0, ""no"": 0.35, ""mixed"": 0.0, ""insufficient_data"": 0.65}",0.5004024235381879,0.6931471805599453,10,10,0.35,False,0.8450000000000001,1.1499055830556604,0.2,0.5,qwen3:8b
FT38,FT,yes_no_mixed,1,10,oracle_evidence,False,GOOGL,1.0,True,0.9985793315873921,0.30543215102744675,0.6931471805599454,1.0485793315873921,0.3304321510274468,0.7181471805599453,0.7203227248076732,0.22032272480767318,0.5000000000000001,0.6941333138330469,insufficient_data,0.65,0.3,1.0,"{""yes"": 0.0, ""no"": 0.35, ""mixed"": 0.15, ""insufficient_data"": 0.5}",0.6108643020548935,-0.0,10,10,0.35,False,0.6950000000000001,1.1499055830556604,0.7,0.0,qwen3:8b
FT39,FT,yes_no_mixed,0,10,oracle_evidence,True,GOOGL,1.0,True,0.6730116670092565,0.6520057413074194,0.021005925701837125,0.6980116670092565,0.7020057413074194,0.0,0.4854752972273344,0.4703227248076732,0.01515257241966122,0.03121182994521284,mixed,0.6,0.5,0.7,"{""yes"": 0.0, ""no"": 0.4, ""mixed"": 0.6, ""insufficient_data"": 0.0}",0.6931471805599453,0.6108643020548935,10,10,0.0,False,1.52,2.4849066497880004,0.0,0.0,qwen3:8b
FT39,FT,yes_no_mixed,1,10,oracle_evidence,True,GOOGL,1.0,True,-0.0,0.0,-0.0,0.0,0.0,0.0,-0.0,0.0,-0.0,0.0,mixed,1.0,1.0,1.0,"{""yes"": 0.0, ""no"": 0.0, ""mixed"": 1.0, ""insufficient_data"": 0.0}",-0.0,-0.0,10,10,0.0,False,2.0,2.4849066497880004,0.0,0.0,qwen3:8b
FT4,FT,yes_no_mixed,0,10,oracle_evidence,False,NVDA,1.0,True,0.6108643020548935,0.33650583350462826,0.27435846855026524,0.6358643020548935,0.3615058335046283,0.27435846855026524,0.44064544961534635,0.2427376486136672,0.19790780100167915,0.4491316117627886,yes,0.3,0.6,0.0,"{""yes"": 0.7, ""no"": 0.0, ""mixed"": 0.3, ""insufficient_data"": 0.0}",0.6730116670092565,-0.0,10,10,0.7,True,0.18000000000000002,0.5978370007556205,0.4,1.0,qwen3:8b
FT4,FT,yes_no_mixed,1,10,oracle_evidence,False,NVDA,1.0,True,0.7909873504355756,0.4489728624283899,0.34201448800718565,0.8409873504355756,0.4989728624283899,0.3420144880071857,0.5705767639396527,0.3238654610595805,0.2467113028800723,0.43238932685693066,mixed,0.65,0.3,1.0,"{""yes"": 0.05, ""no"": 0.3, ""mixed"": 0.65, ""insufficient_data"": 0.0}",0.8979457248567798,-0.0,10,10,0.05,False,1.415,2.1484344131667874,0.1,0.0,qwen3:8b
FT40,FT,yes_no_mixed,0,10,oracle_evidence,True,NFLX,1.0,True,-0.0,0.0,-0.0,0.0,0.0,0.0,-0.0,0.0,-0.0,0.0,mixed,1.0,1.0,1.0,"{""yes"": 0.0, ""no"": 0.0, ""mixed"": 1.0, ""insufficient_data"": 0.0}",-0.0,-0.0,10,10,0.0,False,2.0,2.4849066497880004,0.0,0.0,qwen3:8b
FT40,FT,yes_no_mixed,1,10,oracle_evidence,True,NFLX,1.0,True,-0.0,0.0,-0.0,0.0,0.0,0.0,-0.0,0.0,-0.0,0.0,mixed,1.0,1.0,1.0,"{""yes"": 0.0, ""no"": 0.0, ""mixed"": 1.0, ""insufficient_data"": 0.0}",-0.0,-0.0,10,10,0.0,False,2.0,2.4849066497880004,0.0,0.0,qwen3:8b
FT41,FT,category_choice,0,10,oracle_evidence,False,NFLX,1.0,True,-0.0,0.0,-0.0,0.0,0.0,0.0,-0.0,0.0,-0.0,0.0,reinvestment_opportunity,0.0,0.0,0.0,"{""reinvestment_opportunity"": 1.0, ""cash_flow_weakness"": 0.0, ""mixed"": 0.0, ""insufficient_data"": 0.0}",-0.0,-0.0,10,10,1.0,True,0.0,0.2876820724517809,1.0,1.0,qwen3:8b
FT41,FT,category_choice,1,10,oracle_evidence,False,NFLX,1.0,True,-0.0,0.0,-0.0,0.0,0.0,0.0,-0.0,0.0,-0.0,0.0,reinvestment_opportunity,0.0,0.0,0.0,"{""reinvestment_opportunity"": 1.0, ""cash_flow_weakness"": 0.0, ""mixed"": 0.0, ""insufficient_data"": 0.0}",-0.0,-0.0,10,10,1.0,True,0.0,0.2876820724517809,1.0,1.0,qwen3:8b
FT42,FT,yes_no_mixed,0,10,oracle_evidence,True,,1.0,True,0.6108643020548935,0.33650583350462826,0.27435846855026524,0.6358643020548935,0.3615058335046283,0.27435846855026524,0.44064544961534635,0.2427376486136672,0.19790780100167915,0.4491316117627886,mixed,1.0,1.0,1.0,"{""yes"": 0.0, ""no"": 0.0, ""mixed"": 0.7, ""insufficient_data"": 0.3}",-0.0,0.6730116670092565,10,10,0.7,True,0.18000000000000002,0.5978370007556204,1.0,0.4,qwen3:8b
FT42,FT,yes_no_mixed,1,10,oracle_evidence,True,,1.0,True,0.6931471805599453,0.0,0.6931471805599453,0.7181471805599453,0.0,0.7181471805599453,0.5,0.0,0.5,1.0,mixed,1.0,1.0,1.0,"{""yes"": 0.0, ""no"": 0.0, ""mixed"": 0.5, ""insufficient_data"": 0.5}",-0.0,-0.0,10,10,0.5,True,0.5,0.8754687373538999,0.0,1.0,qwen3:8b
FT43,FT,category_choice,0,10,oracle_evidence,True,,1.0,True,0.6931471805599453,0.0,0.6931471805599453,0.7181471805599453,0.0,0.7181471805599453,0.6309297535714574,0.0,0.6309297535714574,1.0,wait_for_confirmation,0.5,0.0,1.0,"{""wait_for_confirmation"": 0.5, ""buy_on_fundamentals"": 0.0, ""insufficient_data"": 0.5}",-0.0,-0.0,10,10,0.5,True,0.5,0.8109302162163288,1.0,0.0,qwen3:8b
FT43,FT,category_choice,1,10,oracle_evidence,True,,1.0,True,0.6931471805599453,0.0,0.6931471805599453,0.7181471805599453,0.0,0.7181471805599453,0.6309297535714574,0.0,0.6309297535714574,1.0,wait_for_confirmation,0.5,1.0,0.0,"{""wait_for_confirmation"": 0.5, ""buy_on_fundamentals"": 0.0, ""insufficient_data"": 0.5}",-0.0,-0.0,10,10,0.5,True,0.5,0.8109302162163288,0.0,1.0,qwen3:8b
FT44,FT,yes_no_mixed,0,10,oracle_evidence,True,INTC,1.0,True,-0.0,0.0,-0.0,0.0,0.0,0.0,-0.0,0.0,-0.0,0.0,mixed,1.0,1.0,1.0,"{""yes"": 0.0, ""no"": 0.0, ""mixed"": 1.0, ""insufficient_data"": 0.0}",-0.0,-0.0,10,10,1.0,True,0.0,0.2876820724517809,1.0,1.0,qwen3:8b
FT44,FT,yes_no_mixed,1,10,oracle_evidence,True,INTC,1.0,True,-0.0,0.0,-0.0,0.0,0.0,0.0,-0.0,0.0,-0.0,0.0,mixed,1.0,1.0,1.0,"{""yes"": 0.0, ""no"": 0.0, ""mixed"": 1.0, ""insufficient_data"": 0.0}",-0.0,-0.0,10,10,1.0,True,0.0,0.2876820724517809,1.0,1.0,qwen3:8b
FT45,FT,category_choice,0,10,oracle_evidence,False,INTC,1.0,True,0.6931471805599453,0.0,0.6931471805599453,0.7181471805599453,0.0,0.7181471805599453,0.5,0.0,0.5,1.0,contrarian_value_play,0.0,0.0,0.0,"{""contrarian_value_play"": 0.5, ""value_trap"": 0.5, ""mixed"": 0.0, ""insufficient_data"": 0.0}",-0.0,-0.0,10,10,0.5,True,0.5,0.8754687373538999,0.0,1.0,qwen3:8b
FT45,FT,category_choice,1,10,oracle_evidence,False,INTC,1.0,True,1.0296530140645737,0.611514349124114,0.4181386649404597,1.0796530140645737,0.6865143491241139,0.3931386649404598,0.7427376486136673,0.44111435945690075,0.30162328915676656,0.4060966745387845,contrarian_value_play,0.3,0.0,0.6,"{""contrarian_value_play"": 0.5, ""value_trap"": 0.2, ""mixed"": 0.3, ""insufficient_data"": 0.0}",0.3250829733914482,0.8979457248567797,10,10,0.5,True,0.38,0.8754687373538999,0.9,0.1,qwen3:8b
FT46,FT,category_choice,0,10,oracle_evidence,False,QCOM,1.0,True,0.5623351446188083,0.34657359027997264,0.21576155433883565,0.5873351446188083,0.37157359027997267,0.21576155433883565,0.4056390622295664,0.25,0.15563906222956642,0.3836885465963443,insufficient_data,1.0,1.0,1.0,"{""exposure_limits"": 0.0, ""diversification_offsets"": 0.0, ""mixed"": 0.25, ""insufficient_data"": 0.75}",0.6931471805599453,-0.0,10,10,0.0,False,1.625,2.4849066497880004,0.0,0.0,qwen3:8b
FT46,FT,category_choice,1,10,oracle_evidence,False,QCOM,1.0,True,0.6931471805599453,0.0,0.6931471805599453,0.7181471805599453,0.0,0.7181471805599453,0.5,0.0,0.5,1.0,mixed,1.0,1.0,1.0,"{""exposure_limits"": 0.0, ""diversification_offsets"": 0.0, ""mixed"": 0.5, ""insufficient_data"": 0.5}",-0.0,-0.0,10,10,0.0,False,1.5,2.4849066497880004,0.0,0.0,qwen3:8b
FT47,FT,category_choice,0,10,oracle_evidence,True,AVGO|ROP,1.0,True,-0.0,0.0,-0.0,0.0,0.0,0.0,-0.0,0.0,-0.0,0.0,underpriced,0.0,0.0,0.0,"{""underpriced"": 1.0, ""fully_priced"": 0.0, ""overpriced"": 0.0, ""insufficient_data"": 0.0}",-0.0,-0.0,10,10,0.0,False,2.0,2.4849066497880004,0.0,0.0,qwen3:8b
FT47,FT,category_choice,1,10,oracle_evidence,True,AVGO|ROP,1.0,True,-0.0,0.0,-0.0,0.0,0.0,0.0,-0.0,0.0,-0.0,0.0,underpriced,0.0,0.0,0.0,"{""underpriced"": 1.0, ""fully_priced"": 0.0, ""overpriced"": 0.0, ""insufficient_data"": 0.0}",-0.0,-0.0,10,10,0.0,False,2.0,2.4849066497880004,0.0,0.0,qwen3:8b
FT48,FT,yes_no_mixed,0,10,oracle_evidence,True,COST,1.0,True,-0.0,0.0,-0.0,0.0,0.0,0.0,-0.0,0.0,-0.0,0.0,mixed,1.0,1.0,1.0,"{""yes"": 0.0, ""no"": 0.0, ""mixed"": 1.0, ""insufficient_data"": 0.0}",-0.0,-0.0,10,10,0.0,False,2.0,2.4849066497880004,0.0,0.0,qwen3:8b
FT48,FT,yes_no_mixed,1,10,oracle_evidence,True,COST,1.0,True,-0.0,0.0,-0.0,0.0,0.0,0.0,-0.0,0.0,-0.0,0.0,mixed,1.0,1.0,1.0,"{""yes"": 0.0, ""no"": 0.0, ""mixed"": 1.0, ""insufficient_data"": 0.0}",-0.0,-0.0,10,10,0.0,False,2.0,2.4849066497880004,0.0,0.0,qwen3:8b
FT49,FT,yes_no_mixed,0,10,oracle_evidence,False,AMZN|COST,1.0,True,0.6730116670092565,0.46797363772317085,0.20503802928608567,0.6980116670092565,0.5179736377231708,0.1800380292860857,0.4854752972273344,0.33757162320499345,0.14790367402234092,0.30465746633671004,mixed,0.6,0.3,0.9,"{""yes"": 0.0, ""no"": 0.4, ""mixed"": 0.6, ""insufficient_data"": 0.0}",0.6108643020548935,0.3250829733914482,10,10,0.6,True,0.32,0.7270487322356265,0.3,0.9,qwen3:8b
FT49,FT,yes_no_mixed,1,10,oracle_evidence,False,AMZN|COST,1.0,True,0.6931471805599453,0.0,0.6931471805599453,0.7181471805599453,0.0,0.7181471805599453,0.5,0.0,0.5,1.0,no,0.5,1.0,0.0,"{""yes"": 0.0, ""no"": 0.5, ""mixed"": 0.5, ""insufficient_data"": 0.0}",-0.0,-0.0,10,10,0.5,False,0.5,0.8754687373538999,1.0,0.0,qwen3:8b
FT5,FT,category_choice,0,10,oracle_evidence,False,AMZN,1.0,True,-0.0,0.0,-0.0,0.0,0.0,0.0,-0.0,0.0,-0.0,0.0,hold,0.0,0.0,0.0,"{""hold"": 1.0, ""sell"": 0.0, ""conditional"": 0.0, ""insufficient_data"": 0.0}",-0.0,-0.0,10,10,1.0,True,0.0,0.2876820724517809,1.0,1.0,qwen3:8b
FT5,FT,category_choice,1,10,oracle_evidence,False,AMZN,1.0,True,-0.0,0.0,-0.0,0.0,0.0,0.0,-0.0,0.0,-0.0,0.0,hold,0.0,0.0,0.0,"{""hold"": 1.0, ""sell"": 0.0, ""conditional"": 0.0, ""insufficient_data"": 0.0}",-0.0,-0.0,10,10,1.0,True,0.0,0.2876820724517809,1.0,1.0,qwen3:8b
FT50,FT,yes_no_mixed,0,10,oracle_evidence,True,,1.0,True,0.6931471805599453,0.0,0.6931471805599453,0.7181471805599453,0.0,0.7181471805599453,0.5,0.0,0.5,1.0,mixed,1.0,1.0,1.0,"{""yes"": 0.0, ""no"": 0.0, ""mixed"": 0.5, ""insufficient_data"": 0.5}",-0.0,-0.0,10,10,0.5,True,0.5,0.8754687373538999,1.0,0.0,qwen3:8b
FT50,FT,yes_no_mixed,1,10,oracle_evidence,True,,1.0,True,0.6931471805599453,0.0,0.6931471805599453,0.7181471805599453,0.0,0.7181471805599453,0.5,0.0,0.5,1.0,mixed,1.0,1.0,1.0,"{""yes"": 0.0, ""no"": 0.0, ""mixed"": 0.5, ""insufficient_data"": 0.5}",-0.0,-0.0,10,10,0.5,True,0.5,0.8754687373538999,0.0,1.0,qwen3:8b
FT6,FT,yes_no_mixed,0,10,oracle_evidence,False,GOOGL,1.0,True,0.6108643020548935,0.5091150769756967,0.10174922507919681,0.6358643020548935,0.5591150769756967,0.07674922507919679,0.44064544961534635,0.3672488983973203,0.0733965512180261,0.16656600285353296,mixed,0.7,0.9,0.5,"{""yes"": 0.3, ""no"": 0.0, ""mixed"": 0.7, ""insufficient_data"": 0.0}",0.3250829733914482,0.6931471805599453,10,10,0.0,False,1.58,2.4849066497880004,0.0,0.0,qwen3:8b
FT6,FT,yes_no_mixed,1,10,oracle_evidence,False,GOOGL,1.0,True,-0.0,0.0,-0.0,0.0,0.0,0.0,-0.0,0.0,-0.0,0.0,mixed,1.0,1.0,1.0,"{""yes"": 0.0, ""no"": 0.0, ""mixed"": 1.0, ""insufficient_data"": 0.0}",-0.0,-0.0,10,10,0.0,False,2.0,2.4849066497880004,0.0,0.0,qwen3:8b
FT7,FT,yes_no_mixed,0,10,oracle_evidence,False,META,1.0,True,0.6474466390346325,0.30543215102744675,0.34201448800718576,0.6724466390346325,0.3304321510274468,0.34201448800718576,0.46703402768774555,0.22032272480767318,0.24671130288007237,0.5282512370705057,no,0.35,0.7,0.0,"{""yes"": 0.0, ""no"": 0.65, ""mixed"": 0.35, ""insufficient_data"": 0.0}",0.6108643020548935,-0.0,10,10,0.65,True,0.24499999999999997,0.6603573577369544,0.3,1.0,qwen3:8b
FT7,FT,yes_no_mixed,1,10,oracle_evidence,False,META,1.0,True,-0.0,0.0,-0.0,0.0,0.0,0.0,-0.0,0.0,-0.0,0.0,mixed,1.0,1.0,1.0,"{""yes"": 0.0, ""no"": 0.0, ""mixed"": 1.0, ""insufficient_data"": 0.0}",-0.0,-0.0,10,10,0.0,False,2.0,2.4849066497880004,0.0,0.0,qwen3:8b
FT8,FT,supportive_judgment,0,10,oracle_evidence,False,NFLX,1.0,True,-0.0,0.0,-0.0,0.0,0.0,0.0,-0.0,0.0,-0.0,0.0,conditional,1.0,1.0,1.0,"{""supportive"": 0.0, ""unsupportive"": 0.0, ""conditional"": 1.0, ""insufficient_data"": 0.0}",-0.0,-0.0,10,10,0.0,False,2.0,2.4849066497880004,0.0,0.0,qwen3:8b
FT8,FT,supportive_judgment,1,10,oracle_evidence,False,NFLX,1.0,True,-0.0,0.0,-0.0,0.0,0.0,0.0,-0.0,0.0,-0.0,0.0,conditional,1.0,1.0,1.0,"{""supportive"": 0.0, ""unsupportive"": 0.0, ""conditional"": 1.0, ""insufficient_data"": 0.0}",-0.0,-0.0,10,10,0.0,False,2.0,2.4849066497880004,0.0,0.0,qwen3:8b
FT9,FT,yes_no_mixed,0,10,oracle_evidence,True,,1.0,True,0.6881388137135884,0.1625414866957241,0.5255973270178643,0.7131388137135884,0.1875414866957241,0.5255973270178643,0.49638722699390414,0.11724889839732029,0.3791383285965838,0.7637954966984672,insufficient_data,1.0,1.0,1.0,"{""yes"": 0.0, ""no"": 0.0, ""mixed"": 0.45, ""insufficient_data"": 0.55}",0.3250829733914482,-0.0,10,10,0.45,False,0.6050000000000001,0.9588503462929511,0.9,0.0,qwen3:8b
FT9,FT,yes_no_mixed,1,10,oracle_evidence,True,,1.0,True,0.6931471805599453,0.0,0.6931471805599453,0.7181471805599453,0.0,0.7181471805599453,0.5,0.0,0.5,1.0,mixed,1.0,1.0,1.0,"{""yes"": 0.0, ""no"": 0.0, ""mixed"": 0.5, ""insufficient_data"": 0.5}",-0.0,-0.0,10,10,0.5,True,0.5,0.8754687373538999,0.0,1.0,qwen3:8b
T1,T,screening_top1,0,20,oracle_evidence,False,APP|INTC|IDXX|SHOP|AAPL,1.0,True,-0.0,0.0,-0.0,0.0,0.0,0.0,-0.0,0.0,-0.0,0.0,APP,0.0,0.0,0.0,"{""APP"": 1.0, ""INTC"": 0.0, ""IDXX"": 0.0, ""SHOP"": 0.0, ""AAPL"": 0.0, ""none_clear"": 0.0}",-0.0,-0.0,20,20,1.0,True,0.0,0.325422400434628,1.0,1.0,qwen3:8b
T1,T,screening_top1,1,20,oracle_evidence,False,APP|INTC|IDXX|SHOP|AAPL,1.0,True,-0.0,0.0,-0.0,0.0,0.0,0.0,-0.0,0.0,-0.0,0.0,APP,0.0,0.0,0.0,"{""APP"": 1.0, ""INTC"": 0.0, ""IDXX"": 0.0, ""SHOP"": 0.0, ""AAPL"": 0.0, ""none_clear"": 0.0}",-0.0,-0.0,20,20,1.0,True,0.0,0.325422400434628,1.0,1.0,qwen3:8b
T10,T,screening_top1,0,20,oracle_evidence,False,AAPL|NVDA|INTC|MSFT|TSLA,1.0,True,1.0726255554336714,0.931550098827646,0.1410754566060255,1.1101255554336715,0.994050098827646,0.11607545660602558,0.598643720797966,0.5199080093205738,0.07873571147739218,0.13152349008595782,AAPL,0.025,0.0,0.05,"{""AAPL"": 0.55, ""NVDA"": 0.0, ""INTC"": 0.25, ""MSFT"": 0.0, ""TSLA"": 0.175, ""none_clear"": 0.025}",0.639031859650177,1.224068338005115,20,20,0.55,True,0.29624999999999996,0.8622235106038791,0.8,0.3,qwen3:8b
T10,T,screening_top1,1,20,oracle_evidence,False,AAPL|NVDA|INTC|MSFT|TSLA,1.0,True,0.6931471805599453,0.0,0.6931471805599453,0.7056471805599452,0.0,0.7056471805599452,0.3868528072345416,0.0,0.3868528072345416,1.0,AAPL,0.0,0.0,0.0,"{""AAPL"": 0.5, ""NVDA"": 0.0, ""INTC"": 0.5, ""MSFT"": 0.0, ""TSLA"": 0.0, ""none_clear"": 0.0}",-0.0,-0.0,20,20,0.5,True,0.5,0.9444616088408514,0.0,1.0,qwen3:8b
T11,T,screening_top1,0,20,oracle_evidence,False,GEHC|GFS|MRVL|KDP,1.0,True,-0.0,0.0,-0.0,0.0,0.0,0.0,-0.0,0.0,-0.0,0.0,GEHC,0.0,0.0,0.0,"{""GEHC"": 1.0, ""GFS"": 0.0, ""MRVL"": 0.0, ""KDP"": 0.0, ""none_clear"": 0.0}",-0.0,-0.0,20,20,1.0,True,0.0,0.31015492830383945,1.0,1.0,qwen3:8b
T11,T,screening_top1,1,20,oracle_evidence,False,GEHC|GFS|MRVL|KDP,1.0,True,-0.0,0.0,-0.0,0.0,0.0,0.0,-0.0,0.0,-0.0,0.0,GEHC,0.0,0.0,0.0,"{""GEHC"": 1.0, ""GFS"": 0.0, ""MRVL"": 0.0, ""KDP"": 0.0, ""none_clear"": 0.0}",-0.0,-0.0,20,20,1.0,True,0.0,0.31015492830383945,1.0,1.0,qwen3:8b
T12,T,screening_top1,0,20,oracle_evidence,False,NVDA|AAPL|GOOGL|TSLA|INTC,1.0,True,0.9072077263064947,0.31061216557593174,0.596595560730563,0.9322077263064947,0.33561216557593176,0.596595560730563,0.5063222725410502,0.173355950344023,0.3329663221970272,0.6576173718884386,NVDA,0.0,0.0,0.0,"{""NVDA"": 0.475, ""AAPL"": 0.0, ""GOOGL"": 0.45, ""TSLA"": 0.075, ""INTC"": 0.0, ""none_clear"": 0.0}",0.1985152433458726,0.42270908780599087,20,20,0.475,True,0.48375,0.9882642314992443,0.95,0.0,qwen3:8b
T12,T,screening_top1,1,20,oracle_evidence,False,NVDA|AAPL|GOOGL|TSLA|INTC,1.0,True,0.6931471805599453,0.0,0.6931471805599453,0.7056471805599452,0.0,0.7056471805599452,0.3868528072345416,0.0,0.3868528072345416,1.0,NVDA,0.0,0.0,0.0,"{""NVDA"": 0.5, ""AAPL"": 0.0, ""GOOGL"": 0.5, ""TSLA"": 0.0, ""INTC"": 0.0, ""none_clear"": 0.0}",-0.0,-0.0,20,20,0.5,True,0.5,0.9444616088408514,0.0,1.0,qwen3:8b
T13,T,screening_top1,0,20,oracle_evidence,False,WBD|APP|MU|INTC|LRCX,1.0,True,0.718717574624614,0.43576345517756454,0.2829541194470495,0.7437175746246141,0.46076345517756456,0.2829541194470495,0.40112391588713614,0.2432042149972869,0.15791970088984927,0.39369305751961936,WBD,0.025,0.0,0.05,"{""WBD"": 0.675, ""APP"": 0.3, ""MU"": 0.0, ""INTC"": 0.0, ""LRCX"": 0.0, ""none_clear"": 0.025}",0.6730116670092565,0.1985152433458726,20,20,0.675,True,0.19624999999999995,0.6820973443733603,0.4,0.95,qwen3:8b
T13,T,screening_top1,1,20,oracle_evidence,False,WBD|APP|MU|INTC|LRCX,1.0,True,0.6931471805599453,0.0,0.6931471805599453,0.7056471805599452,0.0,0.7056471805599452,0.3868528072345416,0.0,0.3868528072345416,1.0,WBD,0.0,0.0,0.0,"{""WBD"": 0.5, ""APP"": 0.5, ""MU"": 0.0, ""INTC"": 0.0, ""LRCX"": 0.0, ""none_clear"": 0.0}",-0.0,-0.0,20,20,0.5,True,0.5,0.9444616088408514,1.0,0.0,qwen3:8b
T14,T,screening_top1,0,20,oracle_evidence,False,IDXX|SHOP|MRVL|AXON,1.0,True,0.6931471805599453,0.0,0.6931471805599453,0.7056471805599452,0.0,0.7056471805599452,0.43067655807339306,0.0,0.43067655807339306,1.0,IDXX,0.0,0.0,0.0,"{""IDXX"": 0.5, ""SHOP"": 0.0, ""MRVL"": 0.5, ""AXON"": 0.0, ""none_clear"": 0.0}",-0.0,-0.0,20,20,0.5,True,0.5,0.916290731874155,1.0,0.0,qwen3:8b
T14,T,screening_top1,1,20,oracle_evidence,False,IDXX|SHOP|MRVL|AXON,1.0,True,0.6931471805599453,0.0,0.6931471805599453,0.7056471805599452,0.0,0.7056471805599452,0.43067655807339306,0.0,0.43067655807339306,1.0,IDXX,0.0,0.0,0.0,"{""IDXX"": 0.5, ""SHOP"": 0.0, ""MRVL"": 0.5, ""AXON"": 0.0, ""none_clear"": 0.0}",-0.0,-0.0,20,20,0.5,True,0.5,0.916290731874155,0.0,1.0,qwen3:8b
T16,T,screening_top1,0,20,oracle_evidence,False,PLTR|APP|SHOP|DASH|AVGO,1.0,True,-0.0,0.0,-0.0,0.0,0.0,0.0,-0.0,0.0,-0.0,0.0,APP,0.0,0.0,0.0,"{""PLTR"": 0.0, ""APP"": 1.0, ""SHOP"": 0.0, ""DASH"": 0.0, ""AVGO"": 0.0, ""none_clear"": 0.0}",-0.0,-0.0,20,20,0.0,False,2.0,2.890371757896165,0.0,0.0,qwen3:8b
T16,T,screening_top1,1,20,oracle_evidence,False,PLTR|APP|SHOP|DASH|AVGO,1.0,True,-0.0,0.0,-0.0,0.0,0.0,0.0,-0.0,0.0,-0.0,0.0,APP,0.0,0.0,0.0,"{""PLTR"": 0.0, ""APP"": 1.0, ""SHOP"": 0.0, ""DASH"": 0.0, ""AVGO"": 0.0, ""none_clear"": 0.0}",-0.0,-0.0,20,20,0.0,False,2.0,2.890371757896165,0.0,0.0,qwen3:8b
T17,T,screening_top1,0,20,oracle_evidence,False,NVDA|TSLA|MRVL|INTC,1.0,True,-0.0,0.0,-0.0,0.0,0.0,0.0,-0.0,0.0,-0.0,0.0,TSLA,0.0,0.0,0.0,"{""NVDA"": 0.0, ""TSLA"": 1.0, ""MRVL"": 0.0, ""INTC"": 0.0, ""none_clear"": 0.0}",-0.0,-0.0,20,20,0.0,False,2.0,2.70805020110221,0.0,0.0,qwen3:8b
T17,T,screening_top1,1,20,oracle_evidence,False,NVDA|TSLA|MRVL|INTC,1.0,True,-0.0,0.0,-0.0,0.0,0.0,0.0,-0.0,0.0,-0.0,0.0,TSLA,0.0,0.0,0.0,"{""NVDA"": 0.0, ""TSLA"": 1.0, ""MRVL"": 0.0, ""INTC"": 0.0, ""none_clear"": 0.0}",-0.0,-0.0,20,20,0.0,False,2.0,2.70805020110221,0.0,0.0,qwen3:8b
T19,T,screening_top1,0,20,oracle_evidence,False,INTC|MRVL|TRI|COST,1.0,True,0.4955539786605911,0.405692347903911,0.08986163075668008,0.5330539786605911,0.44319234790391104,0.08986163075668008,0.30790499890183365,0.2520708284362118,0.05583417046562182,0.1813357063534486,TRI,0.0,0.0,0.0,"{""INTC"": 0.025, ""MRVL"": 0.075, ""TRI"": 0.875, ""COST"": 0.025, ""none_clear"": 0.0}",0.6128694524619495,0.1985152433458726,20,20,0.025,False,1.7225,2.4849066497880004,0.0,0.05,qwen3:8b
T19,T,screening_top1,1,20,oracle_evidence,False,INTC|MRVL|TRI|COST,1.0,True,-0.0,0.0,-0.0,0.0,0.0,0.0,-0.0,0.0,-0.0,0.0,TRI,0.0,0.0,0.0,"{""INTC"": 0.0, ""MRVL"": 0.0, ""TRI"": 1.0, ""COST"": 0.0, ""none_clear"": 0.0}",-0.0,-0.0,20,20,0.0,False,2.0,2.70805020110221,0.0,0.0,qwen3:8b
T2,T,screening_top1,0,20,oracle_evidence,False,INTC|MU|LRCX|APP|MRVL,1.0,True,-0.0,0.0,-0.0,0.0,0.0,0.0,-0.0,0.0,-0.0,0.0,MU,0.0,0.0,0.0,"{""INTC"": 0.0, ""MU"": 1.0, ""LRCX"": 0.0, ""APP"": 0.0, ""MRVL"": 0.0, ""none_clear"": 0.0}",-0.0,-0.0,20,20,0.0,False,2.0,2.890371757896165,0.0,0.0,qwen3:8b
T2,T,screening_top1,1,20,oracle_evidence,False,INTC|MU|LRCX|APP|MRVL,1.0,True,-0.0,0.0,-0.0,0.0,0.0,0.0,-0.0,0.0,-0.0,0.0,MU,0.0,0.0,0.0,"{""INTC"": 0.0, ""MU"": 1.0, ""LRCX"": 0.0, ""APP"": 0.0, ""MRVL"": 0.0, ""none_clear"": 0.0}",-0.0,-0.0,20,20,0.0,False,2.0,2.890371757896165,0.0,0.0,qwen3:8b
T20,T,screening_top1,0,20,oracle_evidence,False,TXN|KDP|TTD|MRVL,1.0,True,0.3141230258900314,0.2617991083686604,0.052323917521371,0.3391230258900314,0.2867991083686604,0.052323917521371,0.1951756097350499,0.16266493186600633,0.032510677869043575,0.16657141695715305,TXN,0.05,0.0,0.1,"{""TXN"": 0.925, ""KDP"": 0.0, ""TTD"": 0.025, ""MRVL"": 0.0, ""none_clear"": 0.05}",0.1985152433458726,0.3250829733914482,20,20,0.925,True,0.008749999999999994,0.38077249551779285,0.95,0.9,qwen3:8b
T20,T,screening_top1,1,20,oracle_evidence,False,TXN|KDP|TTD|MRVL,1.0,True,0.3250829733914482,0.25020121176909393,0.07488176162235427,0.3375829733914482,0.26270121176909395,0.07488176162235427,0.2019854079986195,0.15545875354128558,0.04652665445733394,0.23034661225454434,TXN,0.1,0.2,0.0,"{""TXN"": 0.9, ""KDP"": 0.0, ""TTD"": 0.0, ""MRVL"": 0.0, ""none_clear"": 0.1}",0.5004024235381879,-0.0,20,20,0.9,True,0.019999999999999997,0.4054651081081643,0.8,1.0,qwen3:8b
T21,T,screening_top1,0,20,oracle_evidence,False,INTC|MU|LRCX|AMAT|MRVL,1.0,True,-0.0,0.0,-0.0,0.0,0.0,0.0,-0.0,0.0,-0.0,0.0,MRVL,0.0,0.0,0.0,"{""INTC"": 0.0, ""MU"": 0.0, ""LRCX"": 0.0, ""AMAT"": 0.0, ""MRVL"": 1.0, ""none_clear"": 0.0}",-0.0,-0.0,20,20,0.0,False,2.0,2.890371757896165,0.0,0.0,qwen3:8b
T21,T,screening_top1,1,20,oracle_evidence,False,INTC|MU|LRCX|AMAT|MRVL,1.0,True,-0.0,0.0,-0.0,0.0,0.0,0.0,-0.0,0.0,-0.0,0.0,MRVL,0.0,0.0,0.0,"{""INTC"": 0.0, ""MU"": 0.0, ""LRCX"": 0.0, ""AMAT"": 0.0, ""MRVL"": 1.0, ""none_clear"": 0.0}",-0.0,-0.0,20,20,0.0,False,2.0,2.890371757896165,0.0,0.0,qwen3:8b
T22,T,screening_top1,0,20,oracle_evidence,False,APP|KLAC|ASML|LRCX|AAPL,1.0,True,0.6818546087307834,0.5739245312864102,0.10793007744437322,0.6943546087307834,0.5989245312864102,0.09543007744437315,0.3805503028955931,0.3203133797493893,0.060236923146203776,0.15828899014890613,APP,0.42500000000000004,0.2,0.65,"{""APP"": 0.575, ""KLAC"": 0.0, ""ASML"": 0.0, ""LRCX"": 0.0, ""AAPL"": 0.0, ""none_clear"": 0.425}",0.5004024235381879,0.6474466390346325,20,20,0.575,True,0.36125000000000007,0.8235089984231889,0.8,0.35,qwen3:8b
T22,T,screening_top1,1,20,oracle_evidence,False,APP|KLAC|ASML|LRCX|AAPL,1.0,True,0.6931471805599453,0.0,0.6931471805599453,0.7056471805599452,0.0,0.7056471805599452,0.3868528072345416,0.0,0.3868528072345416,1.0,APP,0.5,1.0,0.0,"{""APP"": 0.5, ""KLAC"": 0.0, ""ASML"": 0.0, ""LRCX"": 0.0, ""AAPL"": 0.0, ""none_clear"": 0.5}",-0.0,-0.0,20,20,0.5,True,0.5,0.9444616088408514,0.0,1.0,qwen3:8b
T23,T,screening_top1,0,20,oracle_evidence,False,MU|ISRG|INTC|KDP,1.0,True,-0.0,0.0,-0.0,0.0,0.0,0.0,-0.0,0.0,-0.0,0.0,none_clear,1.0,1.0,1.0,"{""MU"": 0.0, ""ISRG"": 0.0, ""INTC"": 0.0, ""KDP"": 0.0, ""none_clear"": 1.0}",-0.0,-0.0,20,20,0.0,False,2.0,2.70805020110221,0.0,0.0,qwen3:8b
T23,T,screening_top1,1,20,oracle_evidence,False,MU|ISRG|INTC|KDP,1.0,True,-0.0,0.0,-0.0,0.0,0.0,0.0,-0.0,0.0,-0.0,0.0,none_clear,1.0,1.0,1.0,"{""MU"": 0.0, ""ISRG"": 0.0, ""INTC"": 0.0, ""KDP"": 0.0, ""none_clear"": 1.0}",-0.0,-0.0,20,20,0.0,False,2.0,2.70805020110221,0.0,0.0,qwen3:8b
T24,T,screening_top1,0,20,oracle_evidence,False,APP|LRCX|MNST|INTC,1.0,True,-0.0,0.0,-0.0,0.0,0.0,0.0,-0.0,0.0,-0.0,0.0,APP,0.0,0.0,0.0,"{""APP"": 1.0, ""LRCX"": 0.0, ""MNST"": 0.0, ""INTC"": 0.0, ""none_clear"": 0.0}",-0.0,-0.0,20,20,1.0,True,0.0,0.31015492830383945,1.0,1.0,qwen3:8b
T24,T,screening_top1,1,20,oracle_evidence,False,APP|LRCX|MNST|INTC,1.0,True,-0.0,0.0,-0.0,0.0,0.0,0.0,-0.0,0.0,-0.0,0.0,APP,0.0,0.0,0.0,"{""APP"": 1.0, ""LRCX"": 0.0, ""MNST"": 0.0, ""INTC"": 0.0, ""none_clear"": 0.0}",-0.0,-0.0,20,20,1.0,True,0.0,0.31015492830383945,1.0,1.0,qwen3:8b
T27,T,screening_top1,0,20,oracle_evidence,False,MU|WBD|APP|LRCX,1.0,True,-0.0,0.0,-0.0,0.0,0.0,0.0,-0.0,0.0,-0.0,0.0,APP,0.0,0.0,0.0,"{""MU"": 0.0, ""WBD"": 0.0, ""APP"": 1.0, ""LRCX"": 0.0, ""none_clear"": 0.0}",-0.0,-0.0,20,20,0.0,False,2.0,2.70805020110221,0.0,0.0,qwen3:8b
T27,T,screening_top1,1,20,oracle_evidence,False,MU|WBD|APP|LRCX,1.0,True,-0.0,0.0,-0.0,0.0,0.0,0.0,-0.0,0.0,-0.0,0.0,APP,0.0,0.0,0.0,"{""MU"": 0.0, ""WBD"": 0.0, ""APP"": 1.0, ""LRCX"": 0.0, ""none_clear"": 0.0}",-0.0,-0.0,20,20,0.0,False,2.0,2.70805020110221,0.0,0.0,qwen3:8b
T29,T,screening_top1,0,20,oracle_evidence,False,INTC|MU|LRCX|APP|MRVL,1.0,True,-0.0,0.0,-0.0,0.0,0.0,0.0,-0.0,0.0,-0.0,0.0,APP,0.0,0.0,0.0,"{""INTC"": 0.0, ""MU"": 0.0, ""LRCX"": 0.0, ""APP"": 1.0, ""MRVL"": 0.0, ""none_clear"": 0.0}",-0.0,-0.0,20,20,0.0,False,2.0,2.890371757896165,0.0,0.0,qwen3:8b
T29,T,screening_top1,1,20,oracle_evidence,False,INTC|MU|LRCX|APP|MRVL,1.0,True,-0.0,0.0,-0.0,0.0,0.0,0.0,-0.0,0.0,-0.0,0.0,APP,0.0,0.0,0.0,"{""INTC"": 0.0, ""MU"": 0.0, ""LRCX"": 0.0, ""APP"": 1.0, ""MRVL"": 0.0, ""none_clear"": 0.0}",-0.0,-0.0,20,20,0.0,False,2.0,2.890371757896165,0.0,0.0,qwen3:8b
T3,T,screening_top1,0,20,oracle_evidence,False,PLTR|APP|DASH|WBD|CRWD,1.0,True,-0.0,0.0,-0.0,0.0,0.0,0.0,-0.0,0.0,-0.0,0.0,APP,0.0,0.0,0.0,"{""PLTR"": 0.0, ""APP"": 1.0, ""DASH"": 0.0, ""WBD"": 0.0, ""CRWD"": 0.0, ""none_clear"": 0.0}",-0.0,-0.0,20,20,0.0,False,2.0,2.890371757896165,0.0,0.0,qwen3:8b
T3,T,screening_top1,1,20,oracle_evidence,False,PLTR|APP|DASH|WBD|CRWD,1.0,True,-0.0,0.0,-0.0,0.0,0.0,0.0,-0.0,0.0,-0.0,0.0,APP,0.0,0.0,0.0,"{""PLTR"": 0.0, ""APP"": 1.0, ""DASH"": 0.0, ""WBD"": 0.0, ""CRWD"": 0.0, ""none_clear"": 0.0}",-0.0,-0.0,20,20,0.0,False,2.0,2.890371757896165,0.0,0.0,qwen3:8b
T31,T,screening_top1,0,20,oracle_evidence,False,APP|WBD|CMCSA|MU,1.0,True,0.6881388137135884,0.1625414866957241,0.5255973270178643,0.7006388137135884,0.1750414866957241,0.5255973270178642,0.4275646847866614,0.10099270399930975,0.3265719807873516,0.7637954966984672,APP,0.0,0.0,0.0,"{""APP"": 0.55, ""WBD"": 0.45, ""CMCSA"": 0.0, ""MU"": 0.0, ""none_clear"": 0.0}",0.3250829733914482,-0.0,20,20,0.55,True,0.40499999999999997,0.8362480242006186,0.1,1.0,qwen3:8b
T31,T,screening_top1,1,20,oracle_evidence,False,APP|WBD|CMCSA|MU,1.0,True,0.6108643020548935,0.33650583350462826,0.27435846855026524,0.6233643020548935,0.34900583350462827,0.2743584685502652,0.37955133114208023,0.20908283003952585,0.17046850110255438,0.4491316117627886,WBD,0.0,0.0,0.0,"{""APP"": 0.3, ""WBD"": 0.7, ""CMCSA"": 0.0, ""MU"": 0.0, ""none_clear"": 0.0}",0.6730116670092565,-0.0,20,20,0.3,False,0.9799999999999999,1.3217558399823195,0.6,0.0,qwen3:8b
T32,T,screening_top1,0,20,oracle_evidence,False,APP|TSLA|INTC|PLTR|LRCX,1.0,True,-0.0,0.0,-0.0,0.0,0.0,0.0,-0.0,0.0,-0.0,0.0,APP,0.0,0.0,0.0,"{""APP"": 1.0, ""TSLA"": 0.0, ""INTC"": 0.0, ""PLTR"": 0.0, ""LRCX"": 0.0, ""none_clear"": 0.0}",-0.0,-0.0,20,20,1.0,True,0.0,0.325422400434628,1.0,1.0,qwen3:8b
T32,T,screening_top1,1,20,oracle_evidence,False,APP|TSLA|INTC|PLTR|LRCX,1.0,True,-0.0,0.0,-0.0,0.0,0.0,0.0,-0.0,0.0,-0.0,0.0,APP,0.0,0.0,0.0,"{""APP"": 1.0, ""TSLA"": 0.0, ""INTC"": 0.0, ""PLTR"": 0.0, ""LRCX"": 0.0, ""none_clear"": 0.0}",-0.0,-0.0,20,20,1.0,True,0.0,0.325422400434628,1.0,1.0,qwen3:8b
T33,T,screening_top1,0,20,oracle_evidence,False,APP|GOOGL|IDXX|INTC,1.0,True,0.1985152433458726,0.1625414866957241,0.035973756650148486,0.2110152433458726,0.1750414866957241,0.035973756650148486,0.12334445573339317,0.10099270399930975,0.02235175173408341,0.18121407728610292,APP,0.0,0.0,0.0,"{""APP"": 0.95, ""GOOGL"": 0.0, ""IDXX"": 0.05, ""INTC"": 0.0, ""none_clear"": 0.0}",0.3250829733914482,-0.0,20,20,0.95,True,0.0050000000000000044,0.3566749439387323,0.9,1.0,qwen3:8b
T33,T,screening_top1,1,20,oracle_evidence,False,APP|GOOGL|IDXX|INTC,1.0,True,-0.0,0.0,-0.0,0.0,0.0,0.0,-0.0,0.0,-0.0,0.0,APP,0.0,0.0,0.0,"{""APP"": 1.0, ""GOOGL"": 0.0, ""IDXX"": 0.0, ""INTC"": 0.0, ""none_clear"": 0.0}",-0.0,-0.0,20,20,1.0,True,0.0,0.31015492830383945,1.0,1.0,qwen3:8b
T34,T,screening_top1,0,20,oracle_evidence,False,CPRT|TSLA|ASML|APP,1.0,True,1.2798542258336676,0.9206470585929095,0.3592071672407581,1.3173542258336677,0.9706470585929096,0.3467071672407581,0.7952181416542046,0.5720301799033246,0.22318796175087996,0.2806625629624177,APP,0.3,0.0,0.6,"{""CPRT"": 0.2, ""TSLA"": 0.0, ""ASML"": 0.1, ""APP"": 0.4, ""none_clear"": 0.3}",0.9433483923290393,0.8979457248567797,20,20,0.2,False,0.9000000000000001,1.6094379124341003,0.4,0.0,qwen3:8b
T34,T,screening_top1,1,20,oracle_evidence,False,CPRT|TSLA|ASML|APP,1.0,True,0.4637264398194103,0.32372331951731625,0.14000312030209405,0.4762264398194103,0.33622331951731627,0.14000312030209405,0.2881294371387551,0.201140607547712,0.08698882959104308,0.30190885893117436,none_clear,0.825,1.0,0.65,"{""CPRT"": 0.0, ""TSLA"": 0.0, ""ASML"": 0.0, ""APP"": 0.175, ""none_clear"": 0.825}",-0.0,0.6474466390346325,20,20,0.0,False,1.7112499999999997,2.70805020110221,0.0,0.0,qwen3:8b
T35,T,screening_top1,0,20,oracle_evidence,False,TRI|TEAM|WBD|AVGO,1.0,True,-0.0,0.0,-0.0,0.0,0.0,0.0,-0.0,0.0,-0.0,0.0,TEAM,0.0,0.0,0.0,"{""TRI"": 0.0, ""TEAM"": 1.0, ""WBD"": 0.0, ""AVGO"": 0.0, ""none_clear"": 0.0}",-0.0,-0.0,20,20,0.0,False,2.0,2.70805020110221,0.0,0.0,qwen3:8b
T35,T,screening_top1,1,20,oracle_evidence,False,TRI|TEAM|WBD|AVGO,1.0,True,-0.0,0.0,-0.0,0.0,0.0,0.0,-0.0,0.0,-0.0,0.0,TEAM,0.0,0.0,0.0,"{""TRI"": 0.0, ""TEAM"": 1.0, ""WBD"": 0.0, ""AVGO"": 0.0, ""none_clear"": 0.0}",-0.0,-0.0,20,20,0.0,False,2.0,2.70805020110221,0.0,0.0,qwen3:8b
T37,T,screening_top1,0,20,oracle_evidence,False,KDP|MRVL|TXN|TTD,1.0,True,-0.0,0.0,-0.0,0.0,0.0,0.0,-0.0,0.0,-0.0,0.0,TTD,0.0,0.0,0.0,"{""KDP"": 0.0, ""MRVL"": 0.0, ""TXN"": 0.0, ""TTD"": 1.0, ""none_clear"": 0.0}",-0.0,-0.0,20,20,0.0,False,2.0,2.70805020110221,0.0,0.0,qwen3:8b
T37,T,screening_top1,1,20,oracle_evidence,False,KDP|MRVL|TXN|TTD,1.0,True,-0.0,0.0,-0.0,0.0,0.0,0.0,-0.0,0.0,-0.0,0.0,TTD,0.0,0.0,0.0,"{""KDP"": 0.0, ""MRVL"": 0.0, ""TXN"": 0.0, ""TTD"": 1.0, ""none_clear"": 0.0}",-0.0,-0.0,20,20,0.0,False,2.0,2.70805020110221,0.0,0.0,qwen3:8b
T38,T,screening_top1,0,20,oracle_evidence,False,APP|LRCX|INTC|MU,1.0,True,-0.0,0.0,-0.0,0.0,0.0,0.0,-0.0,0.0,-0.0,0.0,APP,0.0,0.0,0.0,"{""APP"": 1.0, ""LRCX"": 0.0, ""INTC"": 0.0, ""MU"": 0.0, ""none_clear"": 0.0}",-0.0,-0.0,20,20,1.0,True,0.0,0.31015492830383945,1.0,1.0,qwen3:8b
T38,T,screening_top1,1,20,oracle_evidence,False,APP|LRCX|INTC|MU,1.0,True,-0.0,0.0,-0.0,0.0,0.0,0.0,-0.0,0.0,-0.0,0.0,APP,0.0,0.0,0.0,"{""APP"": 1.0, ""LRCX"": 0.0, ""INTC"": 0.0, ""MU"": 0.0, ""none_clear"": 0.0}",-0.0,-0.0,20,20,1.0,True,0.0,0.31015492830383945,1.0,1.0,qwen3:8b
T4,T,screening_top1,0,20,oracle_evidence,False,SHOP|WBD|XEL|INTC,1.0,True,-0.0,0.0,-0.0,0.0,0.0,0.0,-0.0,0.0,-0.0,0.0,WBD,0.0,0.0,0.0,"{""SHOP"": 0.0, ""WBD"": 1.0, ""XEL"": 0.0, ""INTC"": 0.0, ""none_clear"": 0.0}",-0.0,-0.0,20,20,0.0,False,2.0,2.70805020110221,0.0,0.0,qwen3:8b
T4,T,screening_top1,1,20,oracle_evidence,False,SHOP|WBD|XEL|INTC,1.0,True,-0.0,0.0,-0.0,0.0,0.0,0.0,-0.0,0.0,-0.0,0.0,WBD,0.0,0.0,0.0,"{""SHOP"": 0.0, ""WBD"": 1.0, ""XEL"": 0.0, ""INTC"": 0.0, ""none_clear"": 0.0}",-0.0,-0.0,20,20,0.0,False,2.0,2.70805020110221,0.0,0.0,qwen3:8b
T40,T,screening_top1,0,20,oracle_evidence,False,PLTR|AMD|AVGO|LULU,1.0,True,0.5004024235381879,0.33650583350462826,0.1638965900335596,0.5129024235381878,0.34900583350462827,0.16389659003355955,0.31091750708257115,0.20908283003952585,0.10183467704304529,0.3275295688512027,PLTR,0.0,0.0,0.0,"{""PLTR"": 0.8, ""AMD"": 0.0, ""AVGO"": 0.0, ""LULU"": 0.2, ""none_clear"": 0.0}",-0.0,0.6730116670092565,20,20,0.8,True,0.07999999999999999,0.5108256237659907,1.0,0.6,qwen3:8b
T40,T,screening_top1,1,20,oracle_evidence,False,PLTR|AMD|AVGO|LULU,1.0,True,-0.0,0.0,-0.0,0.0,0.0,0.0,-0.0,0.0,-0.0,0.0,PLTR,0.0,0.0,0.0,"{""PLTR"": 1.0, ""AMD"": 0.0, ""AVGO"": 0.0, ""LULU"": 0.0, ""none_clear"": 0.0}",-0.0,-0.0,20,20,1.0,True,0.0,0.31015492830383945,1.0,1.0,qwen3:8b
T41,T,screening_top1,0,20,oracle_evidence,False,APP|INTC|MRVL|WBD,1.0,True,0.37677016125643675,0.28116757230940415,0.09560258894703261,0.38927016125643676,0.29366757230940416,0.09560258894703261,0.23410046348828253,0.17469923514114855,0.059401228347133975,0.253742463650044,APP,0.0,0.0,0.0,"{""APP"": 0.875, ""INTC"": 0.0, ""MRVL"": 0.0, ""WBD"": 0.125, ""none_clear"": 0.0}",-0.0,0.5623351446188083,20,20,0.875,True,0.03125,0.4307829160924542,1.0,0.75,qwen3:8b
T41,T,screening_top1,1,20,oracle_evidence,False,APP|INTC|MRVL|WBD,1.0,True,-0.0,0.0,-0.0,0.0,0.0,0.0,-0.0,0.0,-0.0,0.0,APP,0.0,0.0,0.0,"{""APP"": 1.0, ""INTC"": 0.0, ""MRVL"": 0.0, ""WBD"": 0.0, ""none_clear"": 0.0}",-0.0,-0.0,20,20,1.0,True,0.0,0.31015492830383945,1.0,1.0,qwen3:8b
T42,T,screening_top1,0,20,oracle_evidence,False,APP|MELI|GOOGL|INTC,1.0,True,0.6730116670092565,0.25020121176909393,0.4228104552401626,0.6855116670092565,0.26270121176909395,0.42281045524016253,0.4181656600790517,0.15545875354128558,0.2627069065377661,0.6282364421987758,APP,0.0,0.0,0.0,"{""APP"": 0.6, ""MELI"": 0.0, ""GOOGL"": 0.0, ""INTC"": 0.4, ""none_clear"": 0.0}",-0.0,0.5004024235381879,20,20,0.6,True,0.32000000000000006,0.7621400520468967,1.0,0.2,qwen3:8b
T42,T,screening_top1,1,20,oracle_evidence,False,APP|MELI|GOOGL|INTC,1.0,True,0.6931471805599453,0.0,0.6931471805599453,0.7056471805599452,0.0,0.7056471805599452,0.43067655807339306,0.0,0.43067655807339306,1.0,APP,0.0,0.0,0.0,"{""APP"": 0.5, ""MELI"": 0.0, ""GOOGL"": 0.0, ""INTC"": 0.5, ""none_clear"": 0.0}",-0.0,-0.0,20,20,0.5,True,0.5,0.916290731874155,0.0,1.0,qwen3:8b
T44,T,screening_top1,0,20,oracle_evidence,False,INTC|ASML|TRI|MRVL,1.0,True,-0.0,0.0,-0.0,0.0,0.0,0.0,-0.0,0.0,-0.0,0.0,ASML,0.0,0.0,0.0,"{""INTC"": 0.0, ""ASML"": 1.0, ""TRI"": 0.0, ""MRVL"": 0.0, ""none_clear"": 0.0}",-0.0,-0.0,20,20,0.0,False,2.0,2.70805020110221,0.0,0.0,qwen3:8b
T44,T,screening_top1,1,20,oracle_evidence,False,INTC|ASML|TRI|MRVL,1.0,True,-0.0,0.0,-0.0,0.0,0.0,0.0,-0.0,0.0,-0.0,0.0,ASML,0.0,0.0,0.0,"{""INTC"": 0.0, ""ASML"": 1.0, ""TRI"": 0.0, ""MRVL"": 0.0, ""none_clear"": 0.0}",-0.0,-0.0,20,20,0.0,False,2.0,2.70805020110221,0.0,0.0,qwen3:8b
T45,T,screening_top1,0,20,oracle_evidence,False,IDXX|SHOP|MRVL|AXON,1.0,True,-0.0,0.0,-0.0,0.0,0.0,0.0,-0.0,0.0,-0.0,0.0,MRVL,0.0,0.0,0.0,"{""IDXX"": 0.0, ""SHOP"": 0.0, ""MRVL"": 1.0, ""AXON"": 0.0, ""none_clear"": 0.0}",-0.0,-0.0,20,20,0.0,False,2.0,2.70805020110221,0.0,0.0,qwen3:8b
T45,T,screening_top1,1,20,oracle_evidence,False,IDXX|SHOP|MRVL|AXON,1.0,True,-0.0,0.0,-0.0,0.0,0.0,0.0,-0.0,0.0,-0.0,0.0,MRVL,0.0,0.0,0.0,"{""IDXX"": 0.0, ""SHOP"": 0.0, ""MRVL"": 1.0, ""AXON"": 0.0, ""none_clear"": 0.0}",-0.0,-0.0,20,20,0.0,False,2.0,2.70805020110221,0.0,0.0,qwen3:8b
T46,T,screening_top1,0,20,oracle_evidence,False,WBD|APP|INTC|LRCX|MU,1.0,True,-0.0,0.0,-0.0,0.0,0.0,0.0,-0.0,0.0,-0.0,0.0,APP,0.0,0.0,0.0,"{""WBD"": 0.0, ""APP"": 1.0, ""INTC"": 0.0, ""LRCX"": 0.0, ""MU"": 0.0, ""none_clear"": 0.0}",-0.0,-0.0,20,20,0.0,False,2.0,2.890371757896165,0.0,0.0,qwen3:8b
T46,T,screening_top1,1,20,oracle_evidence,False,WBD|APP|INTC|LRCX|MU,1.0,True,-0.0,0.0,-0.0,0.0,0.0,0.0,-0.0,0.0,-0.0,0.0,APP,0.0,0.0,0.0,"{""WBD"": 0.0, ""APP"": 1.0, ""INTC"": 0.0, ""LRCX"": 0.0, ""MU"": 0.0, ""none_clear"": 0.0}",-0.0,-0.0,20,20,0.0,False,2.0,2.890371757896165,0.0,0.0,qwen3:8b
T47,T,screening_top1,0,20,oracle_evidence,False,CMCSA|TEAM|KDP|TRI,1.0,True,-0.0,0.0,-0.0,0.0,0.0,0.0,-0.0,0.0,-0.0,0.0,TRI,0.0,0.0,0.0,"{""CMCSA"": 0.0, ""TEAM"": 0.0, ""KDP"": 0.0, ""TRI"": 1.0, ""none_clear"": 0.0}",-0.0,-0.0,20,20,0.0,False,2.0,2.70805020110221,0.0,0.0,qwen3:8b
T47,T,screening_top1,1,20,oracle_evidence,False,CMCSA|TEAM|KDP|TRI,1.0,True,-0.0,0.0,-0.0,0.0,0.0,0.0,-0.0,0.0,-0.0,0.0,TRI,0.0,0.0,0.0,"{""CMCSA"": 0.0, ""TEAM"": 0.0, ""KDP"": 0.0, ""TRI"": 1.0, ""none_clear"": 0.0}",-0.0,-0.0,20,20,0.0,False,2.0,2.70805020110221,0.0,0.0,qwen3:8b
T48,T,screening_top1,0,20,oracle_evidence,False,INTC|WBD|AMAT|CMCSA,1.0,True,0.37677016125643675,0.28116757230940415,0.09560258894703261,0.38927016125643676,0.29366757230940416,0.09560258894703261,0.23410046348828253,0.17469923514114855,0.059401228347133975,0.253742463650044,CMCSA,0.0,0.0,0.0,"{""INTC"": 0.0, ""WBD"": 0.125, ""AMAT"": 0.0, ""CMCSA"": 0.875, ""none_clear"": 0.0}",0.5623351446188083,-0.0,20,20,0.0,False,1.78125,2.70805020110221,0.0,0.0,qwen3:8b
T48,T,screening_top1,1,20,oracle_evidence,False,INTC|WBD|AMAT|CMCSA,1.0,True,-0.0,0.0,-0.0,0.0,0.0,0.0,-0.0,0.0,-0.0,0.0,CMCSA,0.0,0.0,0.0,"{""INTC"": 0.0, ""WBD"": 0.0, ""AMAT"": 0.0, ""CMCSA"": 1.0, ""none_clear"": 0.0}",-0.0,-0.0,20,20,0.0,False,2.0,2.70805020110221,0.0,0.0,qwen3:8b
T49,T,screening_top1,0,20,oracle_evidence,False,NVDA|LRCX|KLAC|APP,1.0,True,0.789837883255865,0.2617991083686604,0.5280387748872046,0.814837883255865,0.2867991083686604,0.5280387748872046,0.4907538695054852,0.16266493186600633,0.3280889376394789,0.6685407044677654,NVDA,0.0,0.0,0.0,"{""NVDA"": 0.525, ""LRCX"": 0.025, ""KLAC"": 0.0, ""APP"": 0.45, ""none_clear"": 0.0}",0.1985152433458726,0.3250829733914482,20,20,0.525,True,0.42874999999999996,0.8754687373538999,0.95,0.1,qwen3:8b
T49,T,screening_top1,1,20,oracle_evidence,False,NVDA|LRCX|KLAC|APP,1.0,True,0.6931471805599453,0.0,0.6931471805599453,0.7056471805599452,0.0,0.7056471805599452,0.43067655807339306,0.0,0.43067655807339306,1.0,NVDA,0.0,0.0,0.0,"{""NVDA"": 0.5, ""LRCX"": 0.0, ""KLAC"": 0.0, ""APP"": 0.5, ""none_clear"": 0.0}",-0.0,-0.0,20,20,0.5,True,0.5,0.916290731874155,0.0,1.0,qwen3:8b
T50,T,screening_top1,0,20,oracle_evidence,False,LRCX|AMAT|MU|WBD|APP,1.0,True,0.6931471805599453,0.0,0.6931471805599453,0.7056471805599452,0.0,0.7056471805599452,0.3868528072345416,0.0,0.3868528072345416,1.0,LRCX,0.0,0.0,0.0,"{""LRCX"": 0.5, ""AMAT"": 0.0, ""MU"": 0.0, ""WBD"": 0.0, ""APP"": 0.5, ""none_clear"": 0.0}",-0.0,-0.0,20,20,0.5,True,0.5,0.9444616088408514,1.0,0.0,qwen3:8b
T50,T,screening_top1,1,20,oracle_evidence,False,LRCX|AMAT|MU|WBD|APP,1.0,True,0.969789730621484,0.49928966579369605,0.47050006482778794,0.994789730621484,0.5242896657936961,0.47050006482778794,0.5412499541801218,0.27865886820668256,0.26259108597343916,0.48515678189979466,APP,0.0,0.0,0.0,"{""LRCX"": 0.25, ""AMAT"": 0.0, ""MU"": 0.0, ""WBD"": 0.175, ""APP"": 0.575, ""none_clear"": 0.0}",-0.0,0.9985793315873921,20,20,0.25,False,0.92375,1.5040773967762742,0.0,0.5,qwen3:8b
T6,T,screening_top1,0,20,oracle_evidence,False,EA|INTC|MSTR|CPRT,1.0,True,0.11690684913753106,0.0992576216729363,0.01764922746459477,0.12940684913753106,0.11175762167293629,0.01764922746459477,0.07263830945843827,0.061672227866696586,0.010966081591741695,0.15096829308804602,CPRT,0.0,0.0,0.0,"{""EA"": 0.0, ""INTC"": 0.025, ""MSTR"": 0.0, ""CPRT"": 0.975, ""none_clear"": 0.0}",0.1985152433458726,-0.0,20,20,0.0,False,1.95125,2.70805020110221,0.0,0.0,qwen3:8b
T6,T,screening_top1,1,20,oracle_evidence,False,EA|INTC|MSTR|CPRT,1.0,True,-0.0,0.0,-0.0,0.0,0.0,0.0,-0.0,0.0,-0.0,0.0,CPRT,0.0,0.0,0.0,"{""EA"": 0.0, ""INTC"": 0.0, ""MSTR"": 0.0, ""CPRT"": 1.0, ""none_clear"": 0.0}",-0.0,-0.0,20,20,0.0,False,2.0,2.70805020110221,0.0,0.0,qwen3:8b
T7,T,screening_top1,0,20,oracle_evidence,False,ON|NVDA|AAPL|MSFT,1.0,True,-0.0,0.0,-0.0,0.0,0.0,0.0,-0.0,0.0,-0.0,0.0,NVDA,0.0,0.0,0.0,"{""ON"": 0.0, ""NVDA"": 1.0, ""AAPL"": 0.0, ""MSFT"": 0.0, ""none_clear"": 0.0}",-0.0,-0.0,20,20,0.0,False,2.0,2.70805020110221,0.0,0.0,qwen3:8b
T7,T,screening_top1,1,20,oracle_evidence,False,ON|NVDA|AAPL|MSFT,1.0,True,-0.0,0.0,-0.0,0.0,0.0,0.0,-0.0,0.0,-0.0,0.0,NVDA,0.0,0.0,0.0,"{""ON"": 0.0, ""NVDA"": 1.0, ""AAPL"": 0.0, ""MSFT"": 0.0, ""none_clear"": 0.0}",-0.0,-0.0,20,20,0.0,False,2.0,2.70805020110221,0.0,0.0,qwen3:8b
T8,T,screening_top1,0,20,oracle_evidence,False,APP|TSLA|COST|TTD,1.0,True,0.5881687773541907,0.3440694068567942,0.2440993704973965,0.6006687773541907,0.3565694068567942,0.24409937049739644,0.365449808787373,0.2137823423933307,0.1516674663940423,0.41501585921552875,none_clear,0.725,0.45,1.0,"{""APP"": 0.0, ""TSLA"": 0.0, ""COST"": 0.0, ""TTD"": 0.275, ""none_clear"": 0.725}",0.6881388137135884,-0.0,20,20,0.0,False,1.60125,2.70805020110221,0.0,0.0,qwen3:8b
T8,T,screening_top1,1,20,oracle_evidence,False,APP|TSLA|COST|TTD,1.0,True,0.6818546087307834,0.21135454390299543,0.47050006482778794,0.6943546087307834,0.22385454390299545,0.47050006482778794,0.42366008869491106,0.13132196170484428,0.2923381269900667,0.6900298961146355,none_clear,0.575,1.0,0.15,"{""APP"": 0.0, ""TSLA"": 0.0, ""COST"": 0.0, ""TTD"": 0.425, ""none_clear"": 0.575}",-0.0,0.42270908780599087,20,20,0.0,False,1.51125,2.70805020110221,0.0,0.0,qwen3:8b
T9,T,screening_top1,0,20,oracle_evidence,False,TSLA|INTC|LRCX|NVDA,1.0,True,0.5881687773541907,0.3440694068567942,0.2440993704973965,0.6006687773541907,0.3565694068567942,0.24409937049739644,0.365449808787373,0.2137823423933307,0.1516674663940423,0.41501585921552875,TSLA,0.0,0.0,0.0,"{""TSLA"": 0.725, ""INTC"": 0.0, ""LRCX"": 0.275, ""NVDA"": 0.0, ""none_clear"": 0.0}",0.6881388137135884,-0.0,20,20,0.725,True,0.15125000000000002,0.5978370007556204,0.45,1.0,qwen3:8b
T9,T,screening_top1,1,20,oracle_evidence,False,TSLA|INTC|LRCX|NVDA,1.0,True,0.6931471805599453,0.0,0.6931471805599453,0.7056471805599452,0.0,0.7056471805599452,0.43067655807339306,0.0,0.43067655807339306,1.0,TSLA,0.0,0.0,0.0,"{""TSLA"": 0.5, ""INTC"": 0.0, ""LRCX"": 0.5, ""NVDA"": 0.0, ""none_clear"": 0.0}",-0.0,-0.0,20,20,0.5,True,0.5,0.916290731874155,1.0,0.0,qwen3:8b
