question_id,lane,answer_type,round,K,evidence_mode,coverage_incomplete,tickers,parse_rate,gold_scoreable,tu,au,eu,tu_mm,au_mm,eu_mm,tu_norm,au_norm,eu_norm,eu_tu_ratio,predicted,p_sys,agent_entropy_fundamental,agent_entropy_trading,k_eff_fundamental,k_eff_trading,gold_prob,correct,brier,nll,agent_gold_prob_fundamental,agent_gold_prob_trading,model
F1,F,yes_no_mixed,0,10,oracle_evidence,True,AAPL,1.0,True,-0.0,0.0,-0.0,0.0,0.0,0.0,-0.0,0.0,-0.0,0.0,mixed,"{""yes"": 0.0, ""no"": 0.0, ""mixed"": 1.0, ""insufficient_data"": 0.0}",-0.0,-0.0,10,10,1.0,True,0.0,0.2876820724517809,1.0,1.0,qwen3:8b
F1,F,yes_no_mixed,1,10,oracle_evidence,True,AAPL,1.0,True,-0.0,0.0,-0.0,0.0,0.0,0.0,-0.0,0.0,-0.0,0.0,mixed,"{""yes"": 0.0, ""no"": 0.0, ""mixed"": 1.0, ""insufficient_data"": 0.0}",-0.0,-0.0,10,10,1.0,True,0.0,0.2876820724517809,1.0,1.0,qwen3:8b
F11,F,yes_no_mixed,0,10,oracle_evidence,True,TSLA,1.0,True,0.1985152433458726,0.1625414866957241,0.035973756650148486,0.22351524334587258,0.1875414866957241,0.035973756650148486,0.1431984785579781,0.11724889839732029,0.025949580160657796,0.18121407728610292,mixed,"{""yes"": 0.0, ""no"": 0.0, ""mixed"": 0.95, ""insufficient_data"": 0.05}",-0.0,0.3250829733914482,10,10,0.0,False,1.9049999999999998,2.4849066497880004,0.0,0.0,qwen3:8b
F11,F,yes_no_mixed,1,10,oracle_evidence,True,TSLA,1.0,True,-0.0,0.0,-0.0,0.0,0.0,0.0,-0.0,0.0,-0.0,0.0,mixed,"{""yes"": 0.0, ""no"": 0.0, ""mixed"": 1.0, ""insufficient_data"": 0.0}",-0.0,-0.0,10,10,0.0,False,2.0,2.4849066497880004,0.0,0.0,qwen3:8b
F12,F,company_choice,0,10,oracle_evidence,False,AAPL|MSFT|GOOGL,1.0,True,0.3250829733914482,0.25020121176909393,0.07488176162235427,0.3500829733914482,0.27520121176909396,0.07488176162235427,0.23449779679464058,0.18048202372184058,0.054015773072800005,0.23034661225454434,GOOGL,"{""AAPL"": 0.1, ""MSFT"": 0.0, ""GOOGL"": 0.9, ""insufficient_data"": 0.0}",0.5004024235381879,-0.0,10,10,0.9,True,0.019999999999999997,0.38077249551779285,0.8,1.0,qwen3:8b
F12,F,company_choice,1,10,oracle_evidence,False,AAPL|MSFT|GOOGL,1.0,True,-0.0,0.0,-0.0,0.0,0.0,0.0,-0.0,0.0,-0.0,0.0,GOOGL,"{""AAPL"": 0.0, ""MSFT"": 0.0, ""GOOGL"": 1.0, ""insufficient_data"": 0.0}",-0.0,-0.0,10,10,1.0,True,0.0,0.2876820724517809,1.0,1.0,qwen3:8b
F2,F,company_choice,0,10,oracle_evidence,False,MSFT|GOOGL,1.0,True,-0.0,0.0,-0.0,0.0,0.0,0.0,-0.0,0.0,-0.0,0.0,GOOGL,"{""MSFT"": 0.0, ""GOOGL"": 1.0, ""insufficient_data"": 0.0}",-0.0,-0.0,10,10,1.0,True,0.0,0.25131442828090605,1.0,1.0,qwen3:8b
F2,F,company_choice,1,10,oracle_evidence,False,MSFT|GOOGL,1.0,True,-0.0,0.0,-0.0,0.0,0.0,0.0,-0.0,0.0,-0.0,0.0,GOOGL,"{""MSFT"": 0.0, ""GOOGL"": 1.0, ""insufficient_data"": 0.0}",-0.0,-0.0,10,10,1.0,True,0.0,0.25131442828090605,1.0,1.0,qwen3:8b
F25,F,company_choice,0,10,oracle_evidence,True,NFLX|DIS,1.0,True,0.5623351446188083,0.34657359027997264,0.21576155433883565,0.5873351446188083,0.37157359027997267,0.21576155433883565,0.5118595071429147,0.3154648767857287,0.1963946303571861,0.3836885465963443,NFLX,"{""NFLX"": 0.75, ""DIS"": 0.0, ""insufficient_data"": 0.25}",0.6931471805599453,-0.0,10,10,0.25,False,1.125,1.2809338454620642,0.5,0.0,qwen3:8b
F25,F,company_choice,1,10,oracle_evidence,True,NFLX|DIS,1.0,True,0.42270908780599087,0.30543215102744675,0.11727693677854412,0.4477090878059909,0.3304321510274468,0.11727693677854412,0.384766393172661,0.2780163249381945,0.10675006823446649,0.2774412478029577,insufficient_data,"{""NFLX"": 0.15, ""DIS"": 0.0, ""insufficient_data"": 0.85}",0.6108643020548935,-0.0,10,10,0.85,True,0.045000000000000005,0.3889358061569538,0.7,1.0,qwen3:8b
F31,F,company_choice,0,10,oracle_evidence,False,AMZN|WMT|COST,1.0,True,-0.0,0.0,-0.0,0.0,0.0,0.0,-0.0,0.0,-0.0,0.0,COST,"{""AMZN"": 0.0, ""WMT"": 0.0, ""COST"": 1.0, ""insufficient_data"": 0.0}",-0.0,-0.0,10,10,1.0,True,0.0,0.2876820724517809,1.0,1.0,qwen3:8b
F31,F,company_choice,1,10,oracle_evidence,False,AMZN|WMT|COST,1.0,True,-0.0,0.0,-0.0,0.0,0.0,0.0,-0.0,0.0,-0.0,0.0,COST,"{""AMZN"": 0.0, ""WMT"": 0.0, ""COST"": 1.0, ""insufficient_data"": 0.0}",-0.0,-0.0,10,10,1.0,True,0.0,0.2876820724517809,1.0,1.0,qwen3:8b
F44,F,open_summary_with_canonical_claim,0,10,oracle_evidence,False,AMZN|META,1.0,True,-0.0,0.0,-0.0,0.0,0.0,0.0,-0.0,0.0,-0.0,0.0,claim_true,"{""claim_true"": 1.0, ""claim_false"": 0.0, ""mixed"": 0.0}",-0.0,-0.0,10,10,1.0,True,0.0,0.25131442828090605,1.0,1.0,qwen3:8b
F44,F,open_summary_with_canonical_claim,1,10,oracle_evidence,False,AMZN|META,1.0,True,-0.0,0.0,-0.0,0.0,0.0,0.0,-0.0,0.0,-0.0,0.0,claim_true,"{""claim_true"": 1.0, ""claim_false"": 0.0, ""mixed"": 0.0}",-0.0,-0.0,10,10,1.0,True,0.0,0.25131442828090605,1.0,1.0,qwen3:8b
FT1,FT,supportive_judgment,0,10,oracle_evidence,True,AAPL,1.0,True,-0.0,0.0,-0.0,0.0,0.0,0.0,-0.0,0.0,-0.0,0.0,supportive,"{""supportive"": 1.0, ""unsupportive"": 0.0, ""conditional"": 0.0, ""insufficient_data"": 0.0}",-0.0,-0.0,10,10,0.0,False,2.0,2.4849066497880004,0.0,0.0,qwen3:8b
FT1,FT,supportive_judgment,1,10,oracle_evidence,True,AAPL,1.0,True,0.5623351446188083,0.5556333627965406,0.006701781822267661,0.5873351446188083,0.6056333627965407,0.0,0.4056390622295664,0.4008047485295137,0.004834313700052677,0.01191777161075468,supportive,"{""supportive"": 0.75, ""unsupportive"": 0.0, ""conditional"": 0.25, ""insufficient_data"": 0.0}",0.6108643020548935,0.5004024235381879,10,10,0.25,False,1.125,1.3862943611198906,0.3,0.2,qwen3:8b
FT10,FT,supportive_judgment,0,10,oracle_evidence,True,QCOM,1.0,True,-0.0,0.0,-0.0,0.0,0.0,0.0,-0.0,0.0,-0.0,0.0,conditional,"{""supportive"": 0.0, ""unsupportive"": 0.0, ""conditional"": 1.0, ""insufficient_data"": 0.0}",-0.0,-0.0,10,10,0.0,False,2.0,2.4849066497880004,0.0,0.0,qwen3:8b
FT10,FT,supportive_judgment,1,10,oracle_evidence,True,QCOM,1.0,True,-0.0,0.0,-0.0,0.0,0.0,0.0,-0.0,0.0,-0.0,0.0,conditional,"{""supportive"": 0.0, ""unsupportive"": 0.0, ""conditional"": 1.0, ""insufficient_data"": 0.0}",-0.0,-0.0,10,10,0.0,False,2.0,2.4849066497880004,0.0,0.0,qwen3:8b
FT12,FT,yes_no_mixed,0,10,oracle_evidence,False,AMD,1.0,True,-0.0,0.0,-0.0,0.0,0.0,0.0,-0.0,0.0,-0.0,0.0,yes,"{""yes"": 1.0, ""no"": 0.0, ""mixed"": 0.0, ""insufficient_data"": 0.0}",-0.0,-0.0,10,10,1.0,True,0.0,0.2876820724517809,1.0,1.0,qwen3:8b
FT12,FT,yes_no_mixed,1,10,oracle_evidence,False,AMD,1.0,True,-0.0,0.0,-0.0,0.0,0.0,0.0,-0.0,0.0,-0.0,0.0,yes,"{""yes"": 1.0, ""no"": 0.0, ""mixed"": 0.0, ""insufficient_data"": 0.0}",-0.0,-0.0,10,10,1.0,True,0.0,0.2876820724517809,1.0,1.0,qwen3:8b
FT2,FT,supportive_judgment,0,10,oracle_evidence,False,TSLA,1.0,True,-0.0,0.0,-0.0,0.0,0.0,0.0,-0.0,0.0,-0.0,0.0,conditional,"{""supportive"": 0.0, ""unsupportive"": 0.0, ""conditional"": 1.0, ""insufficient_data"": 0.0}",-0.0,-0.0,10,10,0.0,False,2.0,2.4849066497880004,0.0,0.0,qwen3:8b
FT2,FT,supportive_judgment,1,10,oracle_evidence,False,TSLA,1.0,True,-0.0,0.0,-0.0,0.0,0.0,0.0,-0.0,0.0,-0.0,0.0,conditional,"{""supportive"": 0.0, ""unsupportive"": 0.0, ""conditional"": 1.0, ""insufficient_data"": 0.0}",-0.0,-0.0,10,10,0.0,False,2.0,2.4849066497880004,0.0,0.0,qwen3:8b
FT25,FT,supportive_judgment,0,10,oracle_evidence,False,NFLX,1.0,True,0.4227090878059908,0.41274269846481804,0.009966389341172777,0.44770908780599084,0.4627426984648181,0.0,0.3049201523582002,0.2977309221191609,0.007189230239039294,0.0235774191487149,conditional,"{""supportive"": 0.0, ""unsupportive"": 0.15, ""conditional"": 0.85, ""insufficient_data"": 0.0}",0.5004024235381879,0.3250829733914482,10,10,0.8500000000000001,True,0.044999999999999984,0.4307829160924542,0.8,0.9,qwen3:8b
FT25,FT,supportive_judgment,1,10,oracle_evidence,False,NFLX,1.0,True,-0.0,0.0,-0.0,0.0,0.0,0.0,-0.0,0.0,-0.0,0.0,conditional,"{""supportive"": 0.0, ""unsupportive"": 0.0, ""conditional"": 1.0, ""insufficient_data"": 0.0}",-0.0,-0.0,10,10,1.0,True,0.0,0.2876820724517809,1.0,1.0,qwen3:8b
FT31,FT,supportive_judgment,0,10,oracle_evidence,False,META,1.0,True,-0.0,0.0,-0.0,0.0,0.0,0.0,-0.0,0.0,-0.0,0.0,conditional,"{""supportive"": 0.0, ""unsupportive"": 0.0, ""conditional"": 1.0, ""insufficient_data"": 0.0}",-0.0,-0.0,10,10,1.0,True,0.0,0.2876820724517809,1.0,1.0,qwen3:8b
FT31,FT,supportive_judgment,1,10,oracle_evidence,False,META,1.0,True,-0.0,0.0,-0.0,0.0,0.0,0.0,-0.0,0.0,-0.0,0.0,conditional,"{""supportive"": 0.0, ""unsupportive"": 0.0, ""conditional"": 1.0, ""insufficient_data"": 0.0}",-0.0,-0.0,10,10,1.0,True,0.0,0.2876820724517809,1.0,1.0,qwen3:8b
T1,T,screening_top1,0,20,oracle_evidence,False,APP|INTC|IDXX|SHOP|AAPL,1.0,True,-0.0,0.0,-0.0,0.0,0.0,0.0,-0.0,0.0,-0.0,0.0,APP,"{""APP"": 1.0, ""INTC"": 0.0, ""IDXX"": 0.0, ""SHOP"": 0.0, ""AAPL"": 0.0, ""none_clear"": 0.0}",-0.0,-0.0,20,20,1.0,True,0.0,0.325422400434628,1.0,1.0,qwen3:8b
T1,T,screening_top1,1,20,oracle_evidence,False,APP|INTC|IDXX|SHOP|AAPL,1.0,True,-0.0,0.0,-0.0,0.0,0.0,0.0,-0.0,0.0,-0.0,0.0,APP,"{""APP"": 1.0, ""INTC"": 0.0, ""IDXX"": 0.0, ""SHOP"": 0.0, ""AAPL"": 0.0, ""none_clear"": 0.0}",-0.0,-0.0,20,20,1.0,True,0.0,0.325422400434628,1.0,1.0,qwen3:8b
T10,T,screening_top1,0,20,oracle_evidence,False,AAPL|NVDA|INTC|MSFT|TSLA,1.0,True,1.0321590615626537,0.7479364273448247,0.284222634217829,1.0571590615626536,0.7979364273448247,0.2592226342178289,0.5760589405492801,0.4174312680859215,0.15862767246335852,0.2753670871110947,AAPL,"{""AAPL"": 0.45, ""NVDA"": 0.0, ""INTC"": 0.375, ""MSFT"": 0.0, ""TSLA"": 0.175, ""none_clear"": 0.0}",0.639031859650177,0.8568409950394724,20,20,0.45,True,0.47375000000000006,1.0340737675305385,0.8,0.1,qwen3:8b
T10,T,screening_top1,1,20,oracle_evidence,False,AAPL|NVDA|INTC|MSFT|TSLA,1.0,True,0.6931471805599453,0.0,0.6931471805599453,0.7056471805599452,0.0,0.7056471805599452,0.3868528072345416,0.0,0.3868528072345416,1.0,AAPL,"{""AAPL"": 0.5, ""NVDA"": 0.0, ""INTC"": 0.5, ""MSFT"": 0.0, ""TSLA"": 0.0, ""none_clear"": 0.0}",-0.0,-0.0,20,20,0.5,True,0.5,0.9444616088408514,0.0,1.0,qwen3:8b
T2,T,screening_top1,0,20,oracle_evidence,False,INTC|MU|LRCX|APP|MRVL,1.0,True,-0.0,0.0,-0.0,0.0,0.0,0.0,-0.0,0.0,-0.0,0.0,MU,"{""INTC"": 0.0, ""MU"": 1.0, ""LRCX"": 0.0, ""APP"": 0.0, ""MRVL"": 0.0, ""none_clear"": 0.0}",-0.0,-0.0,20,20,0.0,False,2.0,2.890371757896165,0.0,0.0,qwen3:8b
T2,T,screening_top1,1,20,oracle_evidence,False,INTC|MU|LRCX|APP|MRVL,1.0,True,-0.0,0.0,-0.0,0.0,0.0,0.0,-0.0,0.0,-0.0,0.0,MU,"{""INTC"": 0.0, ""MU"": 1.0, ""LRCX"": 0.0, ""APP"": 0.0, ""MRVL"": 0.0, ""none_clear"": 0.0}",-0.0,-0.0,20,20,0.0,False,2.0,2.890371757896165,0.0,0.0,qwen3:8b
